,,,,,Games,Games,Def Interceptions,Def Interceptions,Def Interceptions,Def Interceptions,Def Interceptions,Fumbles,Fumbles,Fumbles,Fumbles,Fumbles,,Tackles,Tackles,Tackles,Tackles,Tackles,
Rk,Player,Tm,Age,Pos,G,GS,Int,Yds,TD,Lng,PD,FF,Fmb,FR,Yds,TD,Sk,Comb,Solo,Ast,TFL,QBHits,Sfty
1,Derrick Brooks,TAM,27,lb,16,16,1,34,1,34,6,5,0,0,0,0,1.0,146,125,21,13,1,
2,Ronald McKinnon,ARI,27,MLB,16,16,0,0,0,0,2,2,0,1,0,0,4.0,157,119,38,11,4,
3,Anthony Simmons,SEA,24,lb,16,16,2,15,0,8,2,2,0,0,0,0,4.0,147,119,28,11,2,
4,Donnie Edwards,KAN,27,LB,16,16,2,45,1,42,4,0,0,1,11,0,1.0,132,114,18,14,1,
5,Takeo Spikes,CIN,24,LB,16,16,2,12,0,7,4,0,0,3,0,0,2.0,128,110,18,8,2,
6,Pat Tillman,ARI,24,SS,16,16,1,30,0,27,9,2,0,2,0,0,1.5,145,109,36,4,2,
7,Ray Lewis,BAL,25,MLB,16,16,2,1,0,1,6,0,0,3,0,0,3.0,137,107,30,14,3,
8,London Fletcher,STL,25,lb/MLB,16,15,4,33,0,12,8,1,0,0,0,0,5.5,133,106,27,13,6,
9,Mike Peterson,IND,24,LB,16,16,2,8,0,5,6,1,0,0,0,0,,158,104,54,3,0,
10,Junior Seau,SDG,31,lb,16,16,2,2,0,2,11,1,0,0,0,0,3.5,122,103,19,15,4,
11,Marvin Jones,NYJ,28,lb/RILB,16,16,0,0,0,0,2,2,0,1,0,0,1.0,135,102,33,9,1,
12,Rodney Harrison,SDG,28,ss,16,16,6,97,1,63,17,1,0,0,0,0,6.0,127,101,26,10,5,
13,Brian Urlacher,CHI,22,MLB,16,14,2,19,0,19,5,0,0,1,0,0,8.0,125,101,24,16,8,
14,Greg Biekert,OAK,31,lb/mlb,16,16,0,0,0,0,4,0,0,2,0,0,2.0,134,100,34,9,2,
15,Jeremiah Trotter,PHI,23,MLB,16,16,1,27,1,27,4,,,,,,3.0,120,100,20,12,2,
16,Randall Godfrey,TEN,27,MLB,16,16,2,25,1,24,8,5,0,1,0,0,3.0,121,99,22,10,2,
17,Ed McDaniel,MIN,31,LB,16,15,0,0,0,0,2,1,0,0,0,0,2.0,119,98,21,10,2,
18,Lawyer Milloy,NWE,27,SS,16,16,2,2,0,2,6,3,0,0,0,0,,121,90,31,2,0,
19,Sam Cowart,BUF,25,,12,12,2,4,0,2,6,1,0,2,3,0,5.5,129,88,41,7,5,
20,Marvcus Patton,KAN,33,mlb,16,15,2,39,1,24,6,1,0,1,0,0,1.0,111,88,23,6,1,
21,Earl Holmes,PIT,27,RILB,16,16,0,0,0,0,9,1,0,1,4,0,1.0,128,87,41,9,0,
22,Mike Minter,CAR,26,SS,16,16,2,38,1,30,7,3,0,1,0,0,2.0,116,87,29,4,1,
23,Wali Rainer,CLE,23,lb/MLB,16,16,1,5,0,5,4,2,0,1,0,0,1.0,119,86,33,9,1,
24,Kailee Wong,MIN,24,MLB,16,16,2,28,0,14,4,0,1,0,0,0,2.0,111,83,28,6,2,
25,Sam Shade,WAS,27,SS,16,14,2,15,0,15,5,0,0,4,1,0,1.0,96,81,15,3,1,
26,Jason Belser,IND,30,FS,16,16,0,0,0,0,5,1,0,1,0,0,5.0,96,80,16,8,3,
27,Mike Brown,CHI,22,FS/s,16,16,1,35,1,35,1,1,0,1,12,0,,97,80,17,2,0,
28,Darryl Williams,CIN,30,FS,16,16,1,36,1,36,5,3,0,0,0,0,,101,80,21,1,0,
29,Lester Towns,CAR,23,MLB,16,14,0,0,0,0,1,1,0,2,0,0,,93,79,14,10,0,
30,Eric Brown,DEN,25,fs,16,16,3,9,0,9,7,0,0,3,8,0,1.0,91,77,14,10,1,
31,Billy Jenkins,DEN,26,ss,16,16,4,61,1,36,11,1,1,1,0,0,,93,77,16,0,0,
32,Jessie Armstead,NYG,30,LB,16,16,1,-2,0,-2,8,1,0,1,0,0,5.0,102,76,26,12,6,
33,Stephen Boyd,DET,28,MLB,15,15,1,0,0,0,8,1,0,1,0,0,0.5,139,76,63,4,1,
34,Dexter Coakley,DAL,28,LB,16,16,0,0,0,0,3,0,0,1,8,0,,87,76,11,7,0,
35,Bernardo Harris,GNB,29,MLB,16,16,0,0,0,0,5,1,0,0,0,0,2.0,97,76,21,10,2,
36,Marty Carter,ATL,31,SS,16,16,0,0,0,0,2,2,0,2,0,0,2.0,95,75,20,5,1,
37,Robert Griffith,MIN,30,SS,16,16,1,25,0,25,5,1,0,2,0,0,1.0,104,75,29,4,1,
38,Nate Wayne,GNB,25,LB,16,13,0,0,0,0,7,1,0,1,9,0,2.0,101,75,26,7,1,
39,Jerome Woods,KAN,27,FS,16,16,2,0,0,0,8,1,0,0,0,0,2.0,82,75,7,3,2,
40,Sammy Knight,NOR,25,SS,16,16,5,68,2,37,6,1,0,0,0,0,2.0,100,74,26,4,1,
41,George Koonce,SEA,32,mlb,16,16,1,27,1,27,5,0,0,1,0,0,1.5,97,74,23,5,2,
42,Tedy Bruschi,NWE,27,LB/lilb/rolb,16,16,0,0,0,0,5,1,0,0,0,0,1.0,106,73,33,3,1,
43,Micheal Barrow,NYG,30,MLB,15,15,1,7,0,7,3,1,0,1,0,0,3.5,94,72,22,12,4,
44,Kevin Hardy,JAX,27,LB,16,16,1,0,0,0,6,2,0,2,2,0,3.0,86,72,14,8,2,
45,Brock Marion,MIA,30,FS,16,16,5,72,0,24,11,0,0,1,0,0,,96,72,24,0,0,
46,Darren Sharper,GNB,25,FS,16,16,9,109,0,47,17,,,,,,1.0,92,72,20,5,1,
47,Shawn Springs,SEA,25,lcb,16,16,2,8,0,8,14,1,0,0,0,0,,85,72,13,2,0,
48,Greg Wesley,KAN,22,SS,16,16,2,28,0,28,7,2,0,1,0,0,1.0,85,72,13,6,0,
49,Chad Brown,SEA,30,lb,16,16,1,0,0,0,3,2,0,3,16,1,6.0,94,71,23,8,6,
50,Derek Smith,WAS,25,MLB,16,14,0,0,0,0,3,1,0,1,0,0,1.0,88,71,17,7,1,
51,Lee Woodall,CAR,31,LB,16,16,1,0,0,0,6,2,0,1,0,0,,97,71,26,2,0,
52,Ronde Barber,TAM,25,rcb,16,16,2,46,1,37,13,1,0,1,24,1,5.5,82,69,13,7,5,
53,Jay Bellamy,SEA,28,fs,16,16,4,132,1,84,8,2,0,0,0,0,2.0,87,69,18,1,1,
54,Ray Buchanan,ATL,29,LCB,16,16,6,114,0,60,20,0,0,2,1,0,,80,69,11,3,0,
55,Jeff Burris,IND,28,db/LCB,16,16,4,38,1,27,11,,,,,,3.0,77,69,8,2,2,
56,John Holecek,BUF,28,lilb,16,16,1,0,0,0,3,,,,,,,110,69,41,7,0,
57,John Mobley,DEN,27,lb,15,14,1,9,0,9,11,2,0,0,0,0,2.0,85,69,16,3,1,
58,William Thomas,OAK,32,LB,16,16,6,68,1,46,11,2,0,0,0,0,1.0,78,69,9,8,1,
59,Dewayne Washington,PIT,28,RCB,16,16,5,59,0,31,18,,,,,,,78,69,9,4,0,
60,Ryan McNeil,DAL,30,RCB,16,16,2,4,0,4,12,1,0,0,0,0,,77,68,9,2,0,
61,Shaun Williams,NYG,24,FS,16,16,3,52,0,40,12,0,0,1,0,0,,85,68,17,4,0,
62,Chad Cota,IND,29,SS,16,16,2,3,0,3,5,,,,,,,87,67,20,2,0,
63,Marquis Smith,CLE,25,SS,16,16,0,0,0,0,3,,,,,,1.0,84,67,17,2,1,
64,Rod Woodson,BAL,35,FS,16,16,4,20,0,18,10,2,0,3,4,0,,77,67,10,3,0,
65,LeRoy Butler,GNB,32,SS,16,16,2,25,0,22,7,1,0,1,0,0,2.0,92,66,26,3,1,
66,Doug Evans,CAR,30,RCB,16,16,2,17,0,17,10,1,0,5,-3,0,,79,66,13,0,0,
67,Keith Lyle,STL,28,FS,16,16,1,9,0,9,3,1,0,1,94,1,,81,66,15,1,0,
68,Ahmed Plummer,SFO,24,LCB,16,14,0,0,0,0,8,,,,,,,75,66,9,0,0,
69,Charles Woodson,OAK,24,CB/lcb,16,16,4,36,0,23,13,3,0,1,0,0,,79,66,13,1,0,
70,Chris Claiborne,DET,22,LB,16,14,1,1,0,1,4,3,0,0,0,0,0.5,104,65,39,7,1,
71,Donovin Darius,JAX,25,SS,16,16,2,26,0,21,5,1,0,0,0,0,1.0,85,65,20,4,1,
72,Sean Harris,CHI,28,LB,15,13,0,0,0,0,1,1,0,0,0,0,1.0,77,65,12,6,1,
73,Levon Kirkland,PIT,31,LILB,16,16,1,1,0,1,4,0,0,1,0,0,,86,65,21,5,0,
74,Mo Lewis,NYJ,31,lb/LOLB,16,16,1,23,0,23,6,2,0,2,0,0,10.0,88,65,23,13,9,
75,Eugene Robinson,CAR,37,FS/s,16,16,1,0,0,0,1,1,0,3,26,0,,77,65,12,1,0,
76,Mike Dumas,SDG,31,fs,12,12,1,56,1,56,6,,,,,,1.0,75,64,11,7,1,
77,Victor Green,NYJ,31,ls/ss,16,16,6,144,1,43,12,0,0,4,0,0,,105,64,41,4,0,
78,Jamir Miller,CLE,27,LB,16,16,1,0,0,0,7,,,,,,5.0,85,64,21,9,6,
79,Tony Parrish,CHI,25,SS,16,16,3,81,1,38,9,1,0,0,0,0,2.0,84,64,20,5,1,
80,Chad Scott,PIT,26,LCB,16,16,5,49,0,33,14,0,0,2,6,0,,70,64,6,1,0,
81,Troy Vincent,PHI,29,LCB,16,16,5,34,0,17,22,3,0,2,0,0,1.0,77,64,13,1,1,
82,Mark Fields,NOR,28,LB/rolb,16,14,0,0,0,0,1,,,,,,2.0,84,63,21,3,2,
83,Kwamie Lassiter,ARI,31,FS,16,16,1,11,0,11,2,1,0,1,0,0,,94,63,31,2,0,
84,Ty Law,NWE,26,LCB,15,15,2,32,0,32,11,,,,,,,74,63,11,1,0,
85,Marty Moore,CLE,29,LB,16,9,1,3,0,3,4,,,,,,1.0,75,63,12,2,1,
86,Lance Schulters,SFO,25,fs/ss,12,12,0,0,0,0,3,3,0,1,16,0,0.5,91,63,28,3,1,
87,Eric Allen,OAK,35,CB/rcb,16,15,6,145,3,50,14,,,,,,1.0,68,62,6,1,1,
88,Mike Jones,STL,31,LB,16,16,0,0,0,0,6,1,0,0,0,0,2.0,73,62,11,5,2,
89,Marcus Robertson,TEN,31,FS/s,15,15,0,0,0,0,5,3,0,1,0,0,,72,62,10,0,0,
90,Bill Romanowski,DEN,34,lb,16,16,2,0,0,3,6,4,0,2,0,0,3.5,72,62,10,6,4,
91,Thomas Smith,CHI,30,cb/RCB,16,16,0,0,0,0,10,2,0,1,0,0,,67,62,5,4,0,
92,Darren Woodson,DAL,31,SS,11,11,2,12,0,12,4,1,0,0,0,0,,72,62,10,2,0,
93,Brent Alexander,PIT,29,fs/ss,16,16,3,31,0,15,4,1,0,1,0,0,1.5,76,61,15,9,4,
94,Courtney Brown,CLE,22,DE,16,16,0,0,0,0,8,0,0,1,0,0,4.5,69,61,8,16,5,
95,Eric Davis,CAR,32,cb/LCB,16,16,5,14,0,8,18,4,1,1,0,0,,73,61,12,0,0,
96,Lee Flowers,PIT,27,ss,14,14,1,0,0,0,7,4,0,3,0,0,1.0,85,61,24,1,0,
97,Rob Fredrickson,ARI,29,lb,13,12,1,8,0,8,4,,,,,,1.0,99,61,38,13,1,
98,Darren Hambrick,DAL,25,LB,16,16,0,0,0,0,2,,,,,,1.0,77,61,16,4,1,
99,Dwight Hollier,IND,31,MLB,16,15,0,0,0,0,1,,,,,,1.0,79,61,18,3,1,
100,Darrin Smith,NOR,30,mlb,16,11,2,56,1,41,9,,,,,,2.0,91,61,30,7,1,
101,Pat Dennis,KAN,22,lcb,16,13,1,0,0,0,7,1,0,2,-5,0,,67,60,7,3,0,
102,Warrick Holdman,CHI,25,lb,10,10,0,0,0,0,3,,,,,,,75,60,15,2,0,
103,Keith Mitchell,NOR,26,LB/lolb,16,14,1,40,1,40,5,0,0,4,90,1,6.5,85,60,25,8,7,
104,Marquez Pope,OAK,30,SS,15,14,2,25,0,25,5,1,0,5,-2,0,1.0,80,60,20,3,1,
105,Jason Sehorn,NYG,29,cb/rcb,14,14,2,32,0,32,17,1,0,1,8,0,,73,60,13,3,0,
106,Brian Walker,MIA,28,SS,16,16,7,80,0,31,9,2,0,0,0,0,2.0,88,60,28,3,1,
107,Chad Eaton,NWE,28,de/nt,14,13,0,0,0,0,3,2,0,0,0,0,2.5,78,59,19,8,2,
108,Darren Perry,NOR,32,FS,16,16,3,3,0,3,9,,,,,,,80,59,21,0,0,
109,Jamie Sharper,BAL,26,LB,16,16,1,45,0,45,4,5,0,2,0,0,,72,59,13,8,0,
110,Otis Smith,NWE,35,fs/RCB,16,14,1,56,0,56,11,1,0,1,12,0,,69,59,10,2,0,
111,Robert Tate,MIN,27,RCB,16,16,2,12,0,12,11,2,0,1,0,0,,69,59,10,2,0,
112,Jason Gildon,PIT,28,LOLB,16,16,0,0,0,0,5,4,0,4,22,1,13.5,77,58,19,18,10,
113,Kevin Mathis,NOR,26,LCB/rcb,16,16,1,0,0,0,6,2,1,0,0,0,,73,58,15,5,0,
114,Zach Thomas,MIA,27,mlb,11,11,1,0,0,0,1,0,0,1,0,0,1.5,99,58,41,8,2,
115,Blaine Bishop,TEN,30,SS,16,16,0,0,0,0,7,1,0,0,0,0,2.5,84,57,27,8,2,
116,Ronnie Bradford,ATL,30,FS/s,16,15,3,25,0,13,5,1,0,0,0,0,,69,57,12,0,0,
117,James Hasty,KAN,35,cb/rcb,16,16,4,53,0,38,8,1,0,2,0,0,1.0,66,57,9,3,1,
118,John Lynch,TAM,29,ss,16,16,3,43,0,36,8,0,0,2,8,0,1.0,85,57,28,5,1,
119,Dean Wells,CAR,30,LB,16,14,1,14,0,14,2,,,,,,,68,57,11,7,0,
120,Shawn Barber,WAS,25,LB,14,14,0,0,0,0,2,0,0,3,0,0,2.0,63,56,7,9,2,
121,Percy Ellsworth,CLE,26,FS,16,16,1,33,1,33,3,0,0,1,16,0,,66,56,10,1,0,
122,Daylon McCutcheon,CLE,24,RCB,15,15,1,20,0,20,5,2,0,0,0,0,4.0,59,56,3,4,2,
123,Damon Moore,PHI,24,fs/ss,16,16,2,24,0,20,8,0,1,0,0,0,,66,56,10,4,0,
124,Winfred Tubbs,SFO,30,lb/RILB,14,14,1,11,0,11,5,0,0,1,0,0,2.0,82,56,26,4,2,
125,Mark Carrier,WAS,32,FS,15,15,1,30,0,30,4,1,0,0,0,0,,69,55,14,2,0,
126,Carlos Emmons,PHI,27,LB,16,13,2,8,0,8,6,1,0,1,2,0,0.5,78,55,23,4,1,
127,Dave Thomas,NYG,32,cb/LCB,16,16,1,0,0,0,9,1,0,0,0,0,,61,55,6,0,0,
128,Barron Wortham,DAL,31,lb/mlb,16,11,2,1,0,1,2,2,0,1,0,0,,65,55,10,8,0,
129,Tony Brackens,JAX,26,DE,16,16,1,7,0,7,8,2,0,2,15,0,7.5,63,54,9,13,7,
130,Bryan Cox,NYJ,32,lb/LILB,15,14,0,0,0,0,5,3,0,2,0,0,6.0,81,54,27,8,6,
131,Brian Dawkins,PHI,27,fs,13,13,4,62,0,32,10,1,0,2,0,0,2.0,71,54,17,4,2,
132,La'Roi Glover,NOR,26,RDT,16,16,,,,,,3,0,1,0,0,17.0,67,54,13,18,14,
133,John Parrella,SDG,31,dt/rdt,16,16,0,0,0,0,6,2,0,0,0,0,7.0,65,54,11,9,5,
134,Orlando Ruff,SDG,24,lb/mlb,16,14,1,18,0,18,5,0,0,1,0,0,,68,54,14,1,0,
135,Chris Slade,NWE,29,LB/lolb/rolb,16,15,,,,,,2,0,0,0,0,4.0,80,54,26,4,4,
136,Gerald Dixon,SDG,31,lb,16,16,1,36,1,36,6,0,0,1,0,0,5.0,62,53,9,12,4,
137,Champ Bailey,WAS,22,LCB,16,16,5,48,0,48,14,0,0,1,0,0,,57,52,5,0,0,
138,Anthony Dorsett,OAK,27,FS,16,16,0,0,0,0,7,2,0,0,0,0,1.0,72,52,20,1,1,
139,Derrick Rodgers,MIA,29,lb,16,14,0,0,0,0,3,1,0,0,0,0,0.5,75,52,23,3,0,
140,Dwayne Rudd,MIN,24,lb,14,13,0,0,0,0,2,,,,,,,69,52,17,3,0,
141,Sam Garnes,NYG,26,SS,15,15,1,4,0,4,6,1,0,0,0,0,1.0,63,51,12,0,0,
142,Grady Jackson,OAK,27,DT,16,15,0,0,0,0,4,2,0,1,0,0,8.0,68,51,17,15,9,
143,Ted Johnson,NWE,28,lb/lilb/mlb/rilb,13,11,0,0,0,0,2,0,0,3,0,0,0.5,73,51,22,5,1,
144,Damien Robinson,TAM,27,fs,16,16,6,1,0,1,11,0,0,3,5,0,,71,51,20,3,0,
145,Phillippi Sparks,DAL,31,lcb/ss,16,12,5,59,0,43,10,,,,,,,55,51,4,2,0,
146,Willie Williams,SEA,30,rcb,16,15,4,74,1,69,11,1,0,1,0,0,1.0,60,51,9,1,0,
147,Grant Wistrom,STL,24,DE/ldt,16,16,0,0,0,0,5,1,0,0,0,0,11.0,63,51,12,15,12,
148,Elijah Alexander,OAK,30,LB,16,16,0,0,0,0,4,,,,,,2.0,67,50,17,5,1,
149,Michael Bankston,CIN,30,DE,16,14,0,0,0,0,2,,,,,,,64,50,14,3,0,
150,Devin Bush,STL,27,SS,13,12,0,0,0,0,3,0,0,1,15,1,1.0,67,50,17,4,1,
151,Marcus Coleman,NYJ,26,cb/RCB,16,16,4,6,0,7,18,0,1,0,0,0,,56,50,6,4,0,
152,DeRon Jenkins,SDG,27,cb/rcb,15,14,1,16,0,16,5,0,1,0,0,0,,55,50,5,3,0,
153,Keith McKenzie,CLE,27,DE,16,16,0,0,0,0,2,2,0,1,29,0,8.0,58,50,8,12,7,
154,Bruce Smith,WAS,37,DE,16,16,0,0,0,0,2,5,0,0,0,0,10.0,58,50,8,13,9,1
155,Michael Strahan,NYG,29,DE,16,16,0,0,0,0,4,0,0,4,0,0,9.5,65,50,15,15,11,
156,Tyrone Williams,GNB,27,RCB,16,16,4,105,1,46,14,,,,,,,58,50,8,3,0,
157,Chris Carter,CIN,26,ss,16,10,1,6,0,6,2,2,0,1,0,0,1.0,60,49,11,4,1,
158,Dexter McCleon,STL,27,cb/lcb/RCB,16,16,8,28,0,23,19,0,1,1,21,0,2.0,54,49,5,3,2,
159,Eddie Robinson,TEN,30,LB,16,16,0,0,0,0,3,0,0,3,0,0,4.0,60,49,11,10,5,
160,Jamie Duncan,TAM,25,mlb,15,15,4,55,1,31,6,0,0,1,0,0,,65,48,17,1,0,
161,Tom Knight,ARI,26,lcb/RCB,16,15,0,0,0,0,8,,,,,,1.0,56,48,8,2,1,
162,Mike Logan,JAX,26,db/fs/s,15,11,2,14,0,14,6,1,0,1,3,0,1.0,54,48,6,4,1,
163,Hollis Thomas,PHI,26,ldt/RDT,16,16,,,,,,3,0,1,0,0,4.0,60,48,12,13,3,
164,Fred Weary,NOR,26,RCB,12,12,2,27,0,27,8,2,0,0,0,0,2.0,55,48,7,3,1,
165,Aeneas Williams,ARI,32,LCB/rcb,16,16,5,102,0,48,11,2,0,2,104,1,,62,48,14,0,0,
166,Duane Clemons,KAN,26,de,12,12,0,0,0,0,5,1,0,1,0,0,7.5,56,47,9,18,8,
167,Kim Herring,BAL,25,SS,16,16,3,74,0,30,9,2,0,0,0,0,1.0,54,47,7,3,1,
168,Todd Lyght,STL,31,LCB,14,12,2,21,0,21,9,1,0,0,0,0,1.0,52,47,5,2,0,
169,Monty Montgomery,SFO,27,cb/fs/lcb/rcb,15,9,3,68,1,46,0,,,,,,0.5,59,47,12,,,
170,Ken Norton,SFO,34,LILB/mlb,16,16,0,0,0,0,2,0,0,1,0,0,,73,47,26,7,0,
171,Al Wilson,DEN,23,lb/mlb,15,14,3,21,0,20,8,,,,,,5.0,60,47,13,12,6,
172,Donnie Abraham,TAM,27,lcb,16,16,7,82,0,23,23,1,0,0,0,0,,57,46,11,1,0,
173,Terry Fair,DET,24,RCB,15,15,2,0,0,0,10,0,1,1,2,0,,57,46,11,1,0,
174,James Farrior,NYJ,25,lb/rolb,16,6,1,0,0,0,5,1,0,1,0,0,1.0,56,46,10,6,1,
175,Keith Newman,BUF,23,lolb,16,16,0,0,0,0,2,2,1,1,25,0,8.0,63,46,17,11,7,
176,Armegis Spearman,CIN,22,MLB,15,11,0,0,0,0,4,,,,,,1.0,70,46,24,5,1,
177,Jamal Williams,SDG,24,dt/ldt,16,16,0,0,0,0,1,1,0,0,0,0,1.0,53,46,7,10,1,
178,Aaron Beasley,JAX,27,lcb/RCB,14,14,1,39,0,39,14,1,0,1,0,0,5.0,52,45,7,5,5,
179,Chad Bratzke,IND,29,DE,16,16,0,0,0,0,2,1,0,1,0,0,7.5,64,45,19,10,7,1
180,Cris Dishman,MIN,35,lcb,11,9,1,0,0,0,9,,,,,,,52,45,7,2,0,
181,Travis Hall,ATL,28,de/LDT,16,16,,,,,,0,0,1,0,0,4.5,63,45,18,7,5,
182,Henry Jones,BUF,33,SS,16,16,2,45,1,45,8,0,0,1,14,0,,70,45,25,1,0,
183,Kerry Joseph,SEA,27,ss,16,10,0,0,0,0,4,,,,,,,58,45,13,1,0,
184,Willie McGinest,NWE,29,DE/lolb,14,14,0,0,0,0,1,1,0,2,0,0,6.0,63,45,18,13,5,
185,Duane Starks,BAL,26,LCB/rcb,15,15,6,125,0,64,23,0,1,2,0,0,,49,45,4,0,0,
186,Hugh Douglas,PHI,29,DE,16,15,1,9,0,9,2,2,0,0,0,0,15.0,56,44,12,21,15,
187,Norman Hand,NOR,28,LDT,15,15,0,0,0,0,2,1,0,0,0,0,3.0,54,44,10,9,3,
188,Brian Kelly,TAM,24,cb,16,3,1,9,1,9,11,0,0,2,0,0,,48,44,4,0,0,
189,Patrick Surtain,MIA,24,LCB,16,16,5,55,0,43,21,2,0,1,0,0,1.0,53,44,9,2,1,
190,Denard Walker,TEN,27,LCB/rcb,15,14,2,4,0,4,16,0,1,0,0,0,,45,44,1,2,0,
191,LaVar Arrington,WAS,22,lb,16,11,0,0,0,0,4,,,,,,4.0,52,43,9,8,4,
192,Oliver Gibson,CIN,28,LDT,16,16,0,0,0,0,1,,,,,,4.0,52,43,9,8,4,
193,Keith Hamilton,NYG,29,RDT,16,16,0,0,0,0,1,,,,,,10.0,57,43,14,11,11,
194,Artrell Hawkins,CIN,24,rcb,16,6,0,0,0,0,9,1,0,1,12,0,,47,43,4,0,0,
195,Chris Hovan,MIN,22,NT,16,13,0,0,0,0,1,,,,,,2.0,48,43,5,13,2,
196,Tod McBride,GNB,24,lcb,15,6,2,43,0,43,9,,,,,,,54,43,11,1,0,
197,Joey Porter,PIT,23,ROLB,16,16,1,0,0,0,3,2,0,1,32,1,10.5,60,43,17,12,8,1
198,Warren Sapp,TAM,28,dt,16,15,0,0,0,0,4,1,0,1,0,0,16.5,52,43,9,20,15,
199,Jason Webster,SFO,23,rcb,16,10,2,78,1,70,11,1,0,1,1,0,,55,43,12,1,0,
200,Mike Caldwell,PHI,29,,16,3,1,26,1,26,10,1,0,0,0,0,,47,42,5,2,0,
201,Chris Draft,ATL,24,lb,13,8,,,,,,,,,,,1.0,56,42,14,3,1,
202,Barry Gardner,PHI,24,LB,16,13,0,0,0,0,1,,,,,,1.0,57,42,15,6,0,
203,Bobby Hamilton,NWE,29,DE,16,16,0,0,0,0,5,0,0,1,0,0,1.5,79,42,37,6,2,
204,Tebucky Jones,NWE,26,fs,15,9,2,20,0,20,6,,,,,,,55,42,13,3,0,
205,Lamar King,SEA,25,de,14,14,0,0,0,0,3,,,,,,6.0,48,42,6,8,6,
206,Dat Nguyen,DAL,25,mlb,10,5,2,31,0,24,4,0,0,1,0,0,,48,42,6,3,0,
207,Bryan Robinson,CHI,26,DE,16,16,0,0,0,0,8,,,,,,4.5,51,42,9,7,5,
208,Orpheus Roye,CLE,27,LDT/rdt,16,16,0,0,0,0,5,0,0,1,8,0,2.0,53,42,11,5,3,
209,Allen Aldridge,DET,28,LB,16,14,1,4,0,4,2,2,0,1,0,0,2.0,59,41,18,5,1,
210,Brentson Buckner,SFO,29,RDT,16,16,0,0,0,0,3,,,,,,7.0,55,41,14,7,8,
211,Marco Coleman,WAS,31,DE,16,16,0,0,0,0,2,2,0,0,0,0,12.0,52,41,11,17,11,
212,Marcellus Wiley,BUF,26,DE,16,15,0,0,0,0,1,3,0,1,0,0,10.5,65,41,24,12,7,
213,Rob Burnett,BAL,33,DE,16,16,1,3,0,3,4,3,0,5,0,0,10.5,49,40,9,9,9,
214,Corey Chavous,ARI,24,rcb,16,1,1,0,0,0,3,,,,,,,43,40,3,4,0,
215,Greg Ellis,DAL,25,DE,16,16,0,0,0,0,1,0,0,2,0,0,3.0,52,40,12,10,3,
216,Rodney Heath,CIN,26,rcb,13,9,0,0,0,0,12,0,0,1,0,0,,44,40,4,1,0,
217,Rick Lyle,NYJ,29,DE,14,14,,,,,,1,0,0,0,0,1.0,48,40,8,2,1,
218,T.J. Slaughter,JAX,23,mlb,16,7,0,0,0,0,3,,,,,,,55,40,15,1,0,
219,Gary Walker,JAX,27,dt/ldt,15,14,0,0,0,0,2,2,0,0,0,0,5.0,43,40,3,12,4,
220,Dre' Bly,STL,23,cb/rcb,16,3,3,44,0,22,10,0,1,1,0,0,1.0,43,39,4,1,1,
221,Ron Rice,DET,28,fs/SS,14,14,1,7,0,7,5,0,0,1,6,0,,67,39,28,2,0,
222,Bobby Taylor,PHI,27,RCB,16,15,3,64,0,38,20,1,0,1,0,0,,46,39,7,0,0,
223,Antoine Winfield,BUF,23,lcb,11,11,1,8,0,8,7,,,,,,,46,39,7,1,0,
224,John Browning,KAN,27,de/ldt/rdt,16,16,1,0,0,0,2,0,0,1,0,0,6.0,49,38,11,10,6,
225,Shaun Ellis,NYJ,23,de,16,3,1,1,0,1,3,1,0,2,2,0,8.5,53,38,15,12,8,
226,Sean Gilbert,CAR,30,dt/RDT,15,15,1,0,0,0,5,1,0,1,0,0,4.0,53,38,15,6,4,
227,Joe Johnson,NOR,28,DE,16,15,,,,,,3,0,2,0,0,12.0,48,38,10,11,10,
228,Tyrone Poole,IND,28,db/rcb,15,12,1,1,0,1,8,1,0,1,8,0,,50,38,12,2,0,
229,Deion Sanders,WAS,33,RCB,16,15,4,91,0,32,9,1,3,2,0,0,,41,38,3,0,0,
230,Corey Simon,PHI,23,LDT/rdt,16,16,0,0,0,0,3,2,0,1,5,0,9.5,51,38,13,8,8,
231,George Teague,DAL,29,FS,9,9,0,0,0,0,1,1,0,0,0,0,,43,38,5,1,0,
232,Ashley Ambrose,ATL,30,RCB,16,16,4,139,1,42,16,1,0,0,0,0,,38,37,1,2,0,
233,Fernando Bryant,JAX,23,LCB/rcb,14,14,1,0,0,0,8,0,0,1,5,0,,43,37,6,3,0,
234,Phillip Daniels,CHI,27,DE,14,14,0,0,0,0,4,0,0,1,0,0,6.0,42,37,5,7,6,
235,Corey Fuller,CLE,29,LCB,15,15,3,0,0,0,10,1,0,1,0,0,,42,37,5,0,0,
236,Eric Hicks,KAN,24,de,13,11,0,0,0,0,2,0,0,1,0,0,14.0,46,37,9,16,14,
237,Darren Howard,NOR,24,DE,16,16,1,46,0,46,7,0,1,2,0,0,11.0,53,37,16,15,11,
238,Jevon Kearse,TEN,24,DE,16,16,0,0,0,0,6,4,0,0,0,0,11.5,51,37,14,11,9,
239,John Keith,SFO,23,ss,6,3,1,0,0,0,1,4,0,0,0,0,1.0,53,37,16,1,1,
240,Emmanuel McDaniel,NYG,28,cb/rcb,16,3,6,30,0,17,13,0,0,1,0,0,1.0,40,37,3,2,1,
241,Pierson Prioleau,SFO,23,fs/lcb,14,6,1,13,0,13,3,2,0,0,0,0,,46,37,9,0,0,
242,Mark Simoneau,ATL,23,lb/mlb,14,4,0,0,0,0,3,,,,,,0.5,47,37,10,3,1,
243,Jimmy Spencer,DEN,31,cb/lcb,16,6,3,102,2,79,8,1,0,1,0,0,1.0,40,37,3,2,1,
244,Jason Taylor,MIA,26,DE,16,16,1,2,0,2,6,2,0,4,29,1,14.5,63,37,26,13,13,
245,Ted Washington,BUF,32,NT,16,16,0,0,0,0,1,,,,,,2.5,58,37,21,4,3,
246,Pat Williams,BUF,28,de,16,4,,,,,,1,0,2,0,0,2.5,55,37,18,7,2,
247,Cornelius Bennett,IND,35,LB,16,15,0,0,0,0,4,0,0,1,0,0,3.0,50,36,14,6,3,
248,Tom Carter,CIN,28,cb/LCB,16,11,2,40,0,30,11,,,,,,,43,36,7,0,0,
249,Jay Foreman,BUF,24,,15,3,,,,,,1,0,0,0,0,,55,36,19,0,0,
250,Cory Hall,CIN,24,ss,16,6,1,12,0,12,2,,,,,,4.0,41,36,5,4,4,
251,Cedric Jones,NYG,26,DE,16,16,0,0,0,0,5,,,,,,3.5,47,36,11,7,4,
252,Brandon Noble,DAL,26,rdt,16,9,0,0,0,0,1,1,0,0,0,0,1.0,43,36,7,1,1,
253,Ryan Phillips,NYG,26,LB,16,15,2,22,0,12,3,1,0,0,0,0,1.5,52,36,16,3,1,
254,Trevor Pryce,DEN,25,rdt,16,16,0,0,0,0,5,2,0,1,28,1,12.0,47,36,11,13,11,
255,Kurt Schulz,DET,32,fs,11,11,7,53,0,19,11,1,0,0,0,0,,54,36,18,0,0,
256,Bryant Westbrook,DET,26,LCB,13,13,6,126,1,101,19,,,,,,,49,36,13,0,0,
257,Tony Blevins,IND,25,db,16,1,0,0,0,0,2,1,0,1,0,0,,44,35,9,0,0,
258,Terrell Buckley,DEN,29,rcb,16,16,6,110,1,33,12,,,,,,,38,35,3,1,0,
259,Ray Crockett,DEN,33,lcb,13,11,4,31,1,26,12,1,0,0,0,0,1.0,38,35,3,1,1,
260,Daryl Gardener,MIA,27,dt/rdt,10,10,0,0,0,0,1,,,,,,2.5,49,35,14,9,4,
261,Antonio Langham,NWE,28,cb/fs/rcb,15,7,1,24,0,24,4,,,,,,,40,35,5,1,0,
262,Chris McAlister,BAL,23,lcb/RCB,16,16,4,165,1,98,14,0,0,1,0,0,,41,35,6,1,0,
263,Michael McCrary,BAL,30,DE,16,16,0,0,0,0,3,1,0,3,0,0,6.5,44,35,9,12,7,1
264,Shelton Quarles,TAM,29,lb,14,13,1,5,0,5,5,0,0,2,5,0,2.0,50,35,15,3,2,
265,Samari Rolle,TEN,24,cb/lcb/RCB,15,15,7,140,1,81,16,0,0,1,0,0,1.5,38,35,3,1,2,
266,Michael Sinclair,SEA,32,de,16,16,0,0,0,0,1,4,0,4,69,1,3.5,48,35,13,5,3,
267,Henri Crockett,ATL,26,LB,15,12,0,0,0,0,2,1,0,0,0,0,2.0,40,34,6,6,1,
268,Jason Ferguson,NYJ,26,dt/NT,15,11,,,,,,,,,,,1.0,45,34,11,3,1,
269,Steve Foley,CIN,25,LB,16,16,1,1,0,1,8,2,0,1,0,0,4.0,43,34,9,6,3,
270,James Jones,DET,31,NT,16,16,,,,,,2,0,1,0,0,3.0,45,34,11,9,3,
271,Chester McGlockton,KAN,31,ldt,15,15,0,0,0,0,3,0,0,1,0,0,4.5,39,34,5,9,5,
272,Darren Mickell,SDG,30,de,16,16,0,0,0,0,1,2,0,0,0,0,6.0,35,34,1,9,4,
273,Kenny Wright,MIN,23,cb/lcb,16,7,0,0,0,0,3,0,0,1,11,0,,40,34,6,0,0,
274,Kenyatta Wright,BUF,22,rilb,16,1,,,,,,,,,,,,40,34,6,0,0,
275,Peter Boulware,BAL,26,LB,16,15,0,0,0,0,1,2,0,0,0,0,7.0,39,33,6,9,6,
276,Jim Flanigan,CHI,29,LDT,16,14,,,,,,0,0,1,0,0,4.0,46,33,13,10,3,
277,Walt Harris,CHI,26,cb/lcb,12,12,2,35,1,35,13,1,0,0,0,0,,42,33,9,1,0,
278,Robert Jones,MIA,31,lb/mlb,16,16,,,,,,0,0,1,0,0,,51,33,18,4,0,
279,Anthony McFarland,TAM,23,dt/ldt/nt,16,16,,,,,,1,0,1,0,0,6.5,50,33,17,7,6,
280,Mike Rucker,CAR,25,de,16,1,0,0,0,0,1,1,0,0,0,0,2.5,39,33,6,9,2,
281,Mao Tosi,ARI,24,ldt/rdt,15,10,,,,,,,,,,,,43,33,10,1,0,
282,Keith Traylor,DEN,31,ldt,16,16,0,0,0,0,2,2,0,1,0,0,1.0,37,33,4,7,1,
283,Bryant Young,SFO,28,LDT,15,15,0,0,0,0,4,1,0,1,0,0,9.5,45,33,12,15,11,
284,John Copeland,CIN,30,de/rdt,16,16,0,0,0,0,1,0,0,1,4,0,1.0,39,32,7,7,1,
285,Jason Fisk,TEN,28,RDT,15,15,0,0,0,0,1,1,0,0,0,0,2.0,40,32,8,6,2,
286,Kenny Holmes,TEN,27,DE,14,13,0,0,0,0,3,5,0,0,0,0,8.0,37,32,5,9,4,
287,Cortez Kennedy,SEA,32,rdt,16,16,1,14,0,14,9,,,,,,1.0,50,32,18,2,1,
288,Riddick Parker,SEA,28,ldt,16,16,,,,,,,,,,,,48,32,16,4,0,
289,Roman Phifer,NYJ,32,lb/rolb,16,10,0,0,0,0,1,1,0,0,0,0,4.0,45,32,13,6,4,
290,Izell Reese,DAL,26,fs,16,7,2,60,0,46,6,,,,,,,47,32,15,1,0,1
291,John Thierry,GNB,29,DE,16,16,0,0,0,0,2,,,,,,6.5,40,32,8,11,5,
292,Zack Bronson,SFO,26,fs/ss,9,7,3,75,0,43,5,2,0,0,0,0,,38,31,7,1,0,
293,Shane Burton,NYJ,26,DE,16,16,0,0,0,0,8,0,0,1,4,0,1.0,49,31,18,4,0,
294,Kevin Carter,STL,27,DE,16,13,,,,,,1,1,1,0,0,10.5,35,31,4,12,10,
295,Corey Harris,BAL,31,,16,0,2,44,0,42,4,1,1,0,0,0,,34,31,3,1,0,
296,Adrian Ross,CIN,25,mlb,13,4,0,0,0,0,3,,,,,,1.0,33,31,2,2,1,
297,Dana Stubblefield,WAS,30,RDT,15,14,0,0,0,0,4,0,0,1,0,0,2.5,40,31,9,7,3,
298,Orlando Thomas,MIN,28,fs,9,9,1,0,0,0,5,0,0,2,0,0,1.0,38,31,7,1,1,
299,Reggie Tongue,SEA,27,ss,16,6,0,0,0,0,5,1,0,0,0,0,,40,31,9,1,0,
300,Mike Wells,CHI,29,RDT,16,14,1,21,0,21,2,,,,,,1.0,48,31,17,2,1,
301,Bernard Whittington,IND,29,de/dt/ldt,15,12,,,,,,,,,,,1.0,42,31,11,3,1,
302,Renaldo Wynn,JAX,26,DE,14,14,,,,,,1,0,0,0,0,3.5,35,31,4,5,3,
303,Jimmy Wyrick,DET,24,,6,0,,,,,,1,0,0,0,0,,36,31,5,0,0,
304,Keion Carpenter,BUF,23,fs,12,12,5,63,0,22,7,,,,,,,33,30,3,0,0,
305,Russell Davis,ARI,25,ldt/rdt,13,9,0,0,0,0,1,1,0,0,0,0,0.5,38,30,8,3,1,
306,Paul Grasmanis,PHI,26,,16,0,,,,,,,,,,,3.5,35,30,5,7,3,
307,Ed Jasper,ATL,27,ldt/RDT,15,15,,,,,,2,0,0,0,0,3.5,42,30,12,9,3,
308,Patrick Kerney,ATL,24,DE,16,16,1,8,0,8,4,,,,,,2.5,42,30,12,5,3,
309,Mike McKenzie,GNB,24,lcb,10,8,1,26,0,26,6,1,1,0,0,0,,33,30,3,1,0,
310,Robert Porcher,DET,31,DE,16,16,0,0,0,0,3,2,0,1,0,0,8.0,36,30,6,10,6,
311,Simeon Rice,ARI,26,DE,15,11,0,0,0,0,3,1,0,1,0,0,7.5,33,30,3,12,6,
312,Raynoch Thompson,ARI,23,lb,11,9,,,,,,,,,,,,43,30,13,4,0,
313,Dan Williams,KAN,31,rdt,12,10,,,,,,0,1,1,9,0,7.5,35,30,5,9,8,
314,Jerry Wilson,MIA,27,lb,16,1,1,19,0,19,7,1,0,0,0,0,0.5,39,30,9,3,0,
315,Jeff Zgonina,STL,30,dt/rdt,16,11,,,,,,0,0,3,0,0,2.0,37,30,7,5,2,
316,Tim Bowens,MIA,27,dt/ldt,15,15,1,0,0,0,4,,,,,,2.5,40,29,11,11,3,
317,Tyrone Carter,MIN,24,fs/s,15,7,,,,,,1,0,0,0,0,,38,29,9,0,0,
318,Jimmy Hitchcock,CAR,30,cb,16,2,3,116,1,88,4,1,1,0,0,0,,30,29,1,0,0,
319,Ken Irvin,BUF,28,RCB,16,16,2,1,0,1,11,,,,,,,31,29,2,2,0,
320,Ellis Johnson,IND,27,RDT,13,13,1,-1,0,-1,3,1,0,0,0,0,5.0,40,29,11,6,4,
321,Marcus Jones,TAM,27,de,16,16,,,,,,0,0,1,0,0,13.0,36,29,7,15,14,
322,Sam Madison,MIA,26,RCB,16,16,5,80,0,34,12,2,1,2,20,1,,39,29,10,1,0,
323,Mike Maslowski,KAN,26,lb,16,5,0,0,0,0,2,1,0,1,0,0,2.0,41,29,12,6,2,
324,Gerald McBurrows,ATL,27,fs/s,16,4,0,0,0,0,1,0,0,2,0,0,2.0,36,29,7,2,1,
325,Julian Peterson,SFO,22,lolb,13,7,2,33,0,31,10,,,,,,4.0,46,29,17,6,4,
326,Brady Smith,ATL,27,DE,15,14,0,0,0,0,4,2,0,0,0,0,4.5,34,29,5,6,3,
327,Chidi Ahanotu,TAM,30,de,16,16,0,0,0,0,4,2,0,1,0,0,3.5,47,28,19,3,3,
328,Rogers Beckett,SDG,23,fs/s,16,3,1,7,0,7,2,,,,,,1.0,39,28,11,1,1,
329,Keith Brooking,ATL,25,lb,5,5,0,0,0,0,2,1,0,0,0,0,1.0,36,28,8,3,1,
330,Fakhir Brown,SDG,23,lcb,9,8,1,0,0,0,10,,,,,,,35,28,7,0,0,
331,Greg Favors,TEN,26,LB,16,15,0,0,0,0,1,1,0,0,0,0,5.5,37,28,9,7,6,
332,Aaron Glenn,NYJ,28,cb/LCB,16,16,4,34,0,34,14,,,,,,,37,28,9,0,0,
333,Darius Holland,CLE,27,,16,1,1,0,0,0,2,2,0,0,0,0,1.0,32,28,4,0,1,
334,Bernard Holsey,IND,27,DE,16,13,0,0,0,0,1,0,0,1,48,1,2.0,42,28,14,5,1,
335,Darryll Lewis,SDG,32,cb/lcb,15,7,1,6,0,3,4,1,0,1,29,0,1.0,30,28,2,4,0,
336,Michael Myers,DAL,24,ldt,13,7,0,0,0,0,2,1,0,1,0,0,,35,28,7,4,0,
337,Sam Rogers,BUF,30,lb,11,11,1,10,0,10,2,3,0,1,0,0,5.0,40,28,12,3,2,
338,Tracy Scroggins,DET,31,DE,16,15,0,0,0,0,2,1,0,0,0,0,6.5,44,28,16,8,5,
339,Aaron Smith,PIT,24,de,16,15,0,0,0,0,1,,,,,,4.0,42,28,14,10,3,
340,Johnnie Harris,OAK,28,ss,15,2,0,0,0,0,4,1,0,0,0,0,,33,27,6,2,0,
341,Ernie Logan,NYJ,32,nt,16,4,,,,,,2,0,0,0,0,,35,27,8,0,0,
342,Hardy Nickerson,JAX,35,lb/mlb,6,6,1,10,0,10,7,,,,,,1.0,31,27,4,2,1,
343,Talance Sawyer,MIN,24,DE,16,16,0,0,0,0,3,0,0,2,0,0,6.0,37,27,10,13,6,
344,Tony Williams,MIN,25,dt/nt,14,12,,,,,,,,,,,4.0,33,27,6,7,4,
345,Lewis Bush,KAN,31,lb,16,8,1,33,0,33,2,1,0,1,0,0,1.0,29,26,3,2,1,
346,Al Harris,PHI,26,cb/rcb,16,4,0,1,0,1,3,,,,,,,27,26,1,1,0,
347,Kevin Henry,PIT,32,de,15,15,0,0,0,0,5,0,0,1,0,0,,44,26,18,4,0,
348,Tory James,OAK,27,cb,16,1,2,25,0,25,9,,,,,,,29,26,3,1,0,
349,Tim Morabito,CAR,27,LDT,16,13,,,,,,0,0,1,0,0,2.0,27,26,1,5,2,
350,Brad Ottis,ARI,28,DE,15,11,0,0,0,0,1,,,,,,1.0,38,26,12,3,0,
351,Kavika Pittman,DEN,26,de,15,15,0,0,0,0,2,1,0,1,0,0,7.0,28,26,2,13,6,
352,Mark Smith,ARI,26,ldt/rdt,14,7,,,,,,,,,,,3.0,33,26,7,13,6,
353,Matt Stevens,2TM,27,,16,4,1,0,0,0,1,2,0,1,1,0,,36,26,10,0,0,
354,Rayna Stewart,JAX,27,FS,12,10,2,37,0,24,4,0,0,2,2,0,,33,26,7,1,0,
355,Jessie Tuggle,ATL,35,lb/mlb,8,7,0,0,0,0,3,,,,,,,33,26,7,3,0,
356,Kimo von Oelhoffen,PIT,29,NT,16,16,0,0,0,0,2,1,0,0,0,0,1.0,39,26,13,6,0,
357,Josh Williams,IND,24,dt/ldt,14,7,,,,,,1,0,1,0,0,3.0,42,26,16,3,4,1
358,Tony Bryant,OAK,24,DE,16,16,0,0,0,0,2,2,0,1,3,0,5.5,38,25,13,9,6,
359,Rosevelt Colvin,CHI,23,lb,13,8,0,0,0,0,3,4,0,1,0,0,3.0,34,25,9,1,1,
360,Na'il Diggs,GNB,22,lb,13,12,0,0,0,0,2,0,0,1,52,0,,34,25,9,3,0,
361,Kenny Mixon,MIA,25,de/rdt,16,16,0,0,0,0,2,1,0,1,0,0,2.5,44,25,19,6,3,
362,John Randle,MIN,33,de/dt,16,16,0,0,0,0,2,2,0,0,0,0,8.0,26,25,1,8,6,
363,Darrell Russell,OAK,24,DT/rdt,16,16,0,0,0,0,7,1,0,1,0,0,3.0,34,25,9,13,4,1
364,Marquis Walker,DET,28,lb,12,2,1,12,0,12,7,1,1,2,0,0,,27,25,2,2,0,
365,Chuck Wiley,ATL,25,,16,0,0,0,0,0,1,,,,,,4.0,39,25,14,3,3,
366,Ray Agnew,STL,33,de/dt/LDT,15,15,0,0,0,0,1,,,,,,4.0,32,24,8,4,4,
367,Trace Armstrong,MIA,35,,16,0,0,0,0,0,1,7,0,0,0,0,16.5,34,24,10,12,12,
368,Stalin Colinet,CLE,26,ldt/RDT,16,16,0,0,0,0,3,2,0,1,0,0,3.5,33,24,9,4,3,
369,Earl Little,CLE,27,,16,0,1,7,0,7,5,0,1,1,0,0,,26,24,2,2,0,
370,Alex Molden,NOR,27,cb/lcb,15,6,3,24,0,24,9,,,,,,,33,24,9,1,0,
371,Henry Thomas,NWE,35,nt,16,5,1,16,0,16,2,0,0,1,0,0,4.5,42,24,18,4,6,
372,Chris Watson,BUF,23,lcb,16,5,0,0,0,0,2,0,4,2,0,0,,30,24,6,1,0,
373,Sam Adams,BAL,27,LDT,16,16,0,0,0,0,6,0,0,1,0,0,2.0,27,23,4,7,2,
374,William Bartee,KAN,23,cb,16,3,0,0,0,0,2,,,,,,1.0,27,23,4,2,1,
375,Lamar Campbell,DET,24,lcb/rcb,16,2,1,42,1,42,8,,,,,,,38,23,15,0,0,
376,Jason Craft,JAX,24,lcb/rcb,16,3,0,0,0,0,4,0,0,1,4,0,,27,23,4,0,0,
377,Santana Dotson,GNB,31,dt,12,11,,,,,,,,,,,6.0,38,23,15,7,7,
378,Luther Elliss,DET,27,DT,16,16,0,0,0,0,2,0,0,2,3,0,3.0,39,23,16,6,3,
379,Chris Hayes,NYJ,28,fs/ss,16,8,1,0,0,0,2,0,0,1,0,0,,29,23,6,1,0,
380,David Macklin,IND,22,db/rcb,16,2,2,35,0,35,8,,,,,,,27,23,4,1,0,
381,Christian Peter,NYG,28,de/LDT,16,15,,,,,,,,,,,1.0,37,23,14,2,1,
382,Maa Tanuvasa,DEN,30,de,16,16,0,0,0,0,1,0,0,4,38,0,4.0,31,23,8,8,4,
383,Brandon Whiting,PHI,24,de,16,11,0,0,0,0,3,1,0,2,0,0,3.5,34,23,11,3,3,
384,Todd Collins,STL,30,lb,14,11,,,,,,1,0,0,0,0,1.0,24,22,2,3,0,
385,Ebenezer Ekuban,DAL,24,de,12,2,,,,,,2,0,1,0,0,6.5,29,22,7,9,6,
386,John Engelberger,SFO,24,DE,16,13,0,0,0,0,4,1,0,0,0,0,3.0,30,22,8,5,2,
387,Darrell Green,WAS,40,cb,13,2,3,35,0,33,8,2,0,0,0,0,,23,22,1,0,0,
388,Vonnie Holliday,GNB,25,de,12,9,1,3,0,3,3,,,,,,5.0,35,22,13,7,3,
389,Lance Johnstone,OAK,27,de,14,9,0,0,0,0,1,2,0,0,0,0,3.5,32,22,10,6,3,
390,Chike Okeafor,SFO,24,,15,0,,,,,,1,0,0,0,0,2.0,31,22,9,2,2,
391,Seth Payne,JAX,25,de/ldt/RDT,16,14,,,,,,,,,,,2.0,33,22,11,3,2,
392,Jeff Posey,SFO,25,lb/lolb,16,9,0,0,0,0,2,0,0,1,0,0,0.5,33,22,11,1,1,
393,Deshea Townsend,PIT,25,,16,0,0,0,0,0,7,,,,,,3.5,29,22,7,3,4,
394,Jerry Azumah,CHI,23,lcb,14,4,1,2,0,2,7,1,0,0,0,0,,26,21,5,1,0,
395,Corwin Brown,DET,30,fs/ss,14,4,2,12,0,12,5,1,0,0,0,0,0.5,31,21,10,1,1,
396,Antuan Edwards,GNB,23,db/lcb,12,3,2,4,0,4,9,,,,,,,25,21,4,0,0,
397,Albert Fontenot,SDG,30,de,15,15,0,0,0,0,1,,,,,,4.0,25,21,4,4,3,1
398,Cornelius Griffin,NYG,24,,15,0,0,0,0,0,5,,,,,,5.0,25,21,4,11,5,
399,R.W. McQuarters,CHI,24,cb,15,2,1,61,1,61,2,,,,,,1.0,28,21,7,0,0,
400,Jay Williams,CAR,29,DE/rdt,16,14,0,0,0,0,1,1,0,0,0,0,6.0,27,21,6,8,5,
401,Henry Ford,TEN,29,de/dt,14,3,,,,,,0,0,1,30,1,2.0,32,20,12,9,2,
402,Scott Kowalkowski,DET,32,lb/mlb,16,2,0,0,0,0,2,2,0,1,2,0,,28,20,8,0,0,
403,Al Lucas,CAR,22,,13,0,0,0,0,0,1,2,0,1,0,0,,24,20,4,4,0,
404,Kato Serwanga,NWE,24,,15,0,0,0,0,0,2,1,0,2,0,0,2.0,23,20,3,1,1,
405,Tony Siragusa,BAL,33,RDT,15,15,0,0,0,0,3,0,0,1,0,0,,27,20,7,4,0,
406,Lorenzo Styles,STL,26,lb,16,5,0,0,0,0,1,,,,,,1.0,27,20,7,3,2,
407,Zack Walz,ARI,24,lb,6,5,1,0,0,0,2,,,,,,,30,20,10,1,0,
408,Larry Whigham,NWE,28,fs,14,4,0,0,0,0,2,,,,,,,28,20,8,2,0,
409,Robert Bailey,BAL,32,,16,0,0,0,0,0,1,1,0,1,27,0,,19,19,0,0,0,
410,David Bowens,GNB,23,,14,0,,,,,,0,0,1,0,0,3.5,26,19,7,6,4,
411,Brant Boyer,JAX,29,lb/mlb,12,5,1,12,0,12,1,,,,,,3.5,23,19,4,5,4,
412,John Burrough,MIN,28,de/dt,14,6,0,0,0,0,1,,,,,,2.0,29,19,10,4,1,
413,Antonio Cochran,SEA,24,,15,0,0,0,0,0,2,,,,,,0.5,22,19,3,2,1,
414,Scott Frost,NYJ,25,rs,16,1,1,1,0,1,1,,,,,,1.0,29,19,10,2,1,
415,Jevon Langford,CIN,26,de,11,3,0,0,0,0,2,,,,,,,22,19,3,2,0,
416,Ray Mickens,NYJ,27,,16,0,0,0,0,0,5,,,,,,,22,19,3,0,0,
417,Hannibal Navies,CAR,23,,13,1,1,0,0,0,2,1,0,0,0,0,2.0,20,19,1,3,1,
418,Perry Phenix,TEN,26,,16,0,1,87,1,87,4,0,0,1,0,0,,25,19,6,1,0,
419,John Thornton,TEN,24,LDT,16,16,0,0,0,0,1,0,0,1,0,0,4.0,28,19,9,6,4,
420,Travares Tillman,BUF,23,fs,15,4,0,0,0,0,1,,,,,,,22,19,3,0,0,
421,James Trapp,BAL,31,cb,16,1,0,0,0,0,2,,,,,,2.0,21,19,2,1,2,
422,Eric Warfield,KAN,24,lcb,13,3,0,0,0,0,1,,,,,,,21,19,2,0,0,
423,Chad Hennings,DAL,35,rdt,8,8,0,0,0,0,1,1,0,1,0,0,,25,18,7,2,0,
424,Cletidus Hunt,GNB,24,de/dt,16,11,0,0,0,0,3,,,,,,5.0,28,18,10,7,5,
425,Dexter Jackson,TAM,23,,13,0,,,,,,0,0,1,0,0,,20,18,2,1,0,
426,Jeff Kelly,ATL,25,lb/mlb,12,6,0,0,0,0,1,,,,,,,25,18,7,4,0,
427,Mike Mamula,PHI,27,de,15,6,0,0,0,0,3,,,,,,5.5,23,18,5,6,5,
428,Russell Maryland,GNB,31,NT,16,16,0,0,0,0,2,,,,,,,36,18,18,2,0,1
429,Clyde Simmons,CHI,36,rdt,16,2,0,0,0,0,3,0,0,1,0,0,0.5,25,18,7,0,1,
430,Joel Smeenge,JAX,32,,12,1,,,,,,1,0,0,0,0,6.0,20,18,2,6,5,
431,Alonzo Spellman,DAL,29,DE/ldt,16,15,0,0,0,0,3,1,0,0,0,0,5.0,24,18,6,6,4,
432,Kiwaukee Thomas,JAX,23,cb,16,3,0,0,0,0,4,0,0,1,0,0,,19,18,1,0,0,
433,Robert Bean,CIN,22,lcb,12,4,1,0,0,0,6,,,,,,,19,17,2,0,0,
434,Chris Canty,2TM,24,,15,1,0,0,0,0,1,,,,,,,22,17,5,0,0,
435,Rich Coady,STL,24,ss,12,2,,,,,,,,,,,,18,17,1,0,0,
436,Ian Gold,DEN,22,,16,0,0,0,0,0,1,1,0,2,0,0,2.0,20,17,3,1,1,
437,Pete Monty,NYG,26,mlb,16,1,,,,,,1,0,1,0,0,2.0,19,17,2,6,2,
438,Anthony Pleasant,SFO,32,DE,16,16,0,0,0,0,4,1,0,0,0,0,2.0,22,17,5,4,1,
439,Keith Thibodeaux,MIN,26,,16,0,1,0,0,0,4,,,,,,,18,17,1,0,0,
440,Fred Thomas,NOR,27,,11,0,0,0,0,0,3,1,0,0,0,0,,17,17,0,0,0,
441,Regan Upshaw,OAK,25,de,16,7,,,,,,1,0,2,8,0,6.0,22,17,5,7,5,
442,Nate Webster,TAM,23,,16,0,0,0,0,0,1,,,,,,,20,17,3,0,0,
443,Willie Whitehead,NOR,27,de/ldt,16,2,0,0,0,0,1,1,0,0,0,0,5.5,27,17,10,6,5,
444,Brian Williams,GNB,28,lb,4,3,,,,,,1,0,1,0,0,0.5,25,17,8,0,1,
445,Rahim Abdullah,CLE,24,lb,13,4,,,,,,,,,,,2.0,20,16,4,1,2,
446,Joe Bowden,DAL,30,,16,0,,,,,,,,,,,,20,16,4,2,0,
447,Roderick Coleman,OAK,24,,13,1,0,0,0,0,1,0,0,1,0,0,6.0,20,16,4,11,6,
448,Dwayne Gordon,NYJ,31,,15,1,0,0,0,0,1,,,,,,,22,16,6,1,0,
449,Phil Hansen,BUF,32,de,10,8,0,0,0,0,1,0,0,1,29,0,2.0,27,16,11,6,2,
450,Rob Holmberg,NWE,29,lb/mlb,16,5,0,0,0,0,1,,,,,,,20,16,4,1,0,
451,Kenard Lang,WAS,25,,16,0,0,0,0,0,5,1,0,1,0,0,3.0,16,16,0,5,2,
452,Johnny Rutledge,ARI,23,lb/mlb,11,3,,,,,,1,0,1,0,0,,23,16,7,1,0,
453,Joe Salave'a,TEN,25,rdt,15,1,0,0,0,0,2,,,,,,4.0,20,16,4,9,4,
454,Wasswa Serwanga,MIN,24,cb/lcb,7,2,0,0,0,0,2,1,0,0,0,0,,17,16,1,0,0,
455,Dainon Sidney,TEN,25,lcb,11,2,3,19,0,19,4,0,0,2,0,0,,19,16,3,0,0,
456,Alshermond Singleton,TAM,25,lb,13,1,,,,,,,,,,,,22,16,6,1,0,
457,Shawn Swayda,ATL,26,,16,0,,,,,,,,,,,1.5,24,16,8,5,2,
458,Darnell Walker,DET,30,cb,11,2,1,5,0,5,5,,,,,,,17,16,1,1,0,
459,Phil Clarke,NOR,23,lb/mlb,14,4,,,,,,0,0,1,0,0,1.0,20,15,5,3,1,
460,Jared DeVries,DET,24,,15,1,0,0,0,0,1,1,0,1,0,0,,22,15,7,1,0,
461,Jermaine Haley,MIA,27,ldt/rdt,15,4,0,0,0,0,3,,,,,,1.5,22,15,7,3,2,1
462,Tim Hauck,PHI,34,ss,16,3,0,0,0,0,5,0,0,1,0,0,,25,15,10,2,0,
463,Anthony Malbrough,CLE,24,db,9,1,0,0,0,0,1,,,,,,,15,15,0,0,0,
464,Rich Owens,MIA,28,de,12,3,0,0,0,0,6,,,,,,0.5,24,15,9,2,1,
465,Mark Roman,CIN,23,lcb,8,2,0,0,0,0,2,1,0,2,0,0,,16,15,1,0,0,
466,Terrance Shaw,MIA,27,cb/mlb,11,3,1,0,0,0,4,,,,,,,18,15,3,1,1,
467,Jason Simmons,PIT,24,,15,0,0,0,0,0,1,2,0,0,0,0,,16,15,1,0,0,
468,Larry Smith,JAX,26,dt/ldt/rdt,14,4,,,,,,1,0,3,1,0,,20,15,5,2,0,
469,Reggie White,CAR,39,DE,16,16,0,0,0,0,1,1,0,1,0,0,5.5,16,15,1,5,4,
470,Steve White,TAM,27,,15,0,,,,,,1,0,0,0,0,2.0,22,15,7,5,2,
471,Dan Wilkinson,WAS,27,LDT,16,16,0,0,0,0,2,,,,,,3.5,20,15,5,4,4,
472,Matt Bowen,STL,24,ss,16,2,0,0,0,0,2,,,,,,,16,14,2,0,0,
473,Adrian Dingle,SDG,23,,14,1,0,0,0,0,2,1,0,0,0,0,2.5,22,14,8,2,3,
474,Andy Katzenmoyer,NWE,23,lb/mlb,8,3,0,0,0,0,4,,,,,,,22,14,8,1,0,
475,Leonard Little,STL,26,,14,0,0,0,0,0,2,1,0,0,0,0,5.0,17,14,3,5,6,
476,Eddie Mason,WAS,28,lb,16,2,,,,,,,,,,,2.0,14,14,0,2,2,
477,Shawn Price,BUF,30,de,13,6,0,0,0,0,2,,,,,,1.0,26,14,12,1,1,
478,Jacoby Shepherd,STL,21,cb,15,1,1,0,0,0,3,,,,,,,15,14,1,1,2,
479,Kywin Supernaw,DET,25,fs/s,13,3,,,,,,,,,,,,24,14,10,1,0,
480,Mark Thomas,IND,31,de,14,1,0,0,0,0,3,1,0,0,0,0,5.0,19,14,5,7,5,
481,Mike Thompson,CLE,29,,12,0,,,,,,,,,,,1.0,21,14,7,3,1,
482,Rashard Anderson,CAR,23,,12,0,0,0,0,0,1,,,,,,,14,13,1,0,0,
483,Ainsley Battles,PIT,22,,16,1,0,0,0,0,2,0,1,2,-1,0,1.0,17,13,4,3,3,
484,Vaughn Booker,CIN,32,de,9,9,0,0,0,0,1,,,,,,,17,13,4,1,0,
485,Cornell Brown,BAL,25,,16,1,,,,,,2,1,0,0,0,3.0,19,13,6,3,1,
486,Tony Darden,SDG,25,lcb,16,3,,,,,,,,,,,,15,13,2,0,0,
487,Ronnie Heard,SFO,24,s/ss,13,3,0,0,0,0,1,,,,,,2.0,16,13,3,2,2,
488,Leon Lett,DAL,32,dt/ldt,9,7,0,0,0,0,4,1,0,0,0,0,2.5,16,13,3,1,2,
489,Brandon Mitchell,NWE,25,de,11,9,0,0,0,0,1,,,,,,,29,13,16,2,0,
490,Greg Myers,DAL,28,ss,6,4,,,,,,,,,,,,15,13,2,0,0,
491,Glen Steele,CIN,26,rdt,16,1,,,,,,,,,,,2.0,17,13,4,5,2,
492,Keith Bulluck,TEN,23,lb,16,1,1,8,1,8,1,1,0,0,0,0,,18,12,6,1,0,
493,James Folston,ARI,29,lb,13,3,,,,,,,,,,,2.0,12,12,0,3,2,
494,Darrien Gordon,OAK,30,,13,0,0,0,0,0,1,0,2,1,74,1,,13,12,1,0,0,
495,Greg Jones,WAS,26,lb,16,4,,,,,,0,0,1,0,0,1.0,13,12,1,1,1,
496,Justin Lucas,ARI,24,,16,0,0,0,0,0,2,,,,,,,20,12,8,0,0,
497,Tremain Mack,CIN,26,,16,0,0,0,0,0,2,0,3,1,0,0,,18,12,6,0,0,
498,Tony McCoy,ARI,31,ldt,6,6,,,,,,,,,,,,18,12,6,1,0,
499,Anthony Parker,SFO,25,,16,0,0,0,0,0,5,,,,,,,13,12,1,3,2,
500,Greg Spires,NWE,26,de,16,2,0,0,0,0,1,3,0,1,0,0,6.0,17,12,5,4,4,
501,Lorenzo Bromell,MIA,25,,8,0,0,0,0,0,1,,,,,,2.0,12,11,1,2,2,
502,Lamar Chapman,CLE,24,,7,0,1,0,0,0,2,0,1,0,0,0,,11,11,0,0,0,
503,Ike Charlton,SEA,23,,16,0,,,,,,1,0,0,0,0,,13,11,2,1,0,
504,D'Marco Farr,STL,29,rdt,10,5,0,0,0,0,1,,,,,,1.0,15,11,4,3,1,
505,Erik Flowers,BUF,22,,16,0,1,0,0,0,3,1,0,0,0,0,2.0,20,11,9,2,0,
506,Donovan Greer,BUF,26,,13,0,,,,,,0,0,1,0,0,,17,11,6,0,0,
507,Jabari Issa,ARI,22,,10,0,,,,,,,,,,,1.0,15,11,4,2,1,
508,George McCullough,TEN,25,,11,0,,,,,,,,,,,,11,11,0,1,0,
509,Rob Meier,JAX,23,,16,0,,,,,,,,,,,0.5,11,11,0,3,1,
510,Mustafah Muhammad,IND,27,rcb,13,3,1,40,1,40,1,0,1,0,0,0,,12,11,1,1,0,
511,Jason Peter,CAR,26,,9,0,,,,,,,,,,,2.0,12,11,1,4,2,
512,Dimitrius Underwood,DAL,23,,15,0,0,0,0,0,1,,,,,,4.0,17,11,6,5,4,
513,Keith Washington,BAL,28,,16,0,,,,,,0,0,1,0,0,,18,11,7,2,0,
514,John Abraham,NYJ,22,,6,0,,,,,,2,0,0,0,0,4.5,14,10,4,3,3,
515,Michael Booker,TEN,25,,15,1,1,2,0,2,7,,,,,,,12,10,2,0,0,
516,Larry Chester,IND,25,,16,0,,,,,,0,0,1,0,0,2.5,16,10,6,2,1,
517,Isaiah Kacyvenski,SEA,23,,16,0,1,0,0,0,2,0,0,1,0,0,,13,10,3,0,0,
518,Cedric Killings,SFO,23,ldt,14,1,,,,,,,,,,,3.0,15,10,5,6,4,
519,Matt LaBounty,SEA,31,,12,2,,,,,,,,,,,0.5,14,10,4,1,1,
520,Kareem Larrimore,DAL,24,lcb,15,4,,,,,,2,0,0,0,0,,13,10,3,1,0,
521,Scott Shields,PIT,24,fs,10,1,,,,,,0,1,2,-5,0,,12,10,2,0,0,
522,Marcus Spriggs,CLE,24,,8,0,,,,,,1,0,1,0,0,2.0,11,10,1,0,1,
523,Eric Swann,CAR,30,dt/ldt,16,3,0,0,0,0,6,,,,,,1.0,10,10,0,2,0,
524,Darrick Vaughn,ATL,22,,16,0,0,0,0,0,1,0,1,1,0,0,,11,10,1,1,0,
525,Andre Wadsworth,ARI,26,de,9,8,,,,,,1,0,0,0,0,1.0,13,10,3,4,0,
526,Charlie Williams,DAL,28,,11,0,1,0,0,0,4,,,,,,,16,10,6,0,0,
527,K.D. Williams,GNB,27,lb,16,3,,,,,,0,0,1,0,0,0.5,13,10,3,2,1,
528,Troy Wilson,CHI,30,,6,0,0,0,0,0,1,,,,,,1.0,10,10,0,2,1,
529,Junior Bryant,SFO,29,de,3,3,,,,,,,,,,,,9,9,0,2,0,
530,Lional Dalton,BAL,25,rdt,16,1,0,0,0,0,2,,,,,,,10,9,1,2,0,
531,Greg Jackson,SDG,34,fs,2,1,,,,,,,,,,,,9,9,0,1,0,
532,Mike Lodish,DEN,33,,16,0,,,,,,,,,,,,10,9,1,1,0,
533,Alvin McKinley,CAR,22,,7,0,,,,,,,,,,,,9,9,0,0,0,
534,Arnold Miller,CLE,25,,12,0,,,,,,,,,,,1.5,12,9,3,3,2,
535,Barry Minter,CHI,30,,15,2,0,0,0,0,1,,,,,,,13,9,4,2,0,
536,Mike Mohring,SDG,26,,7,0,,,,,,,,,,,,11,9,2,2,0,
537,Tyrone Rogers,CLE,26,,16,0,0,0,0,0,1,0,0,3,0,0,2.0,13,9,4,2,2,
538,Allen Rossum,GNB,25,,16,0,0,0,0,0,2,0,4,3,0,0,,14,9,5,0,0,
539,Lewis Sanders,CLE,22,lcb,11,1,1,0,0,0,10,,,,,,,15,9,6,0,0,
540,Corey Sears,ARI,27,de,8,2,,,,,,0,0,1,0,0,,18,9,9,1,0,
541,Tyrone Williams,2TM,28,,13,0,,,,,,,,,,,1.5,10,9,1,2,2,
542,Reinard Wilson,CIN,27,,14,0,0,0,0,0,1,2,0,1,3,0,3.0,15,9,6,1,1,
543,Rashidi Barnes,CLE,22,,14,0,,,,,,,,,,,,14,8,6,0,0,
544,Canute Curtis,CIN,26,,15,0,,,,,,2,0,1,0,0,2.0,10,8,2,3,2,
545,Scott Galyon,MIA,26,mlb,6,1,0,0,0,0,1,,,,,,,9,8,1,0,0,
546,Lemanski Hall,MIN,30,lb,15,1,,,,,,1,0,1,1,0,,9,8,1,0,0,
547,Mark Maddox,ARI,32,,14,0,,,,,,1,0,1,-2,0,1.5,10,8,2,0,2,
548,Steve Martin,KAN,26,,16,0,,,,,,,,,,,,13,8,5,1,0,
549,Scott McGarrahan,GNB,26,,16,0,0,0,0,0,1,,,,,,0.5,9,8,1,0,1,
550,Corey Moore,BUF,23,rolb,9,4,,,,,,1,0,1,0,0,1.0,12,8,4,1,1,
551,Rob Morris,IND,25,,7,0,,,,,,,,,,,,11,8,3,1,0,
552,Chris Oldham,NOR,32,,13,1,2,0,0,0,6,0,0,2,2,0,2.0,12,8,4,2,2,
553,Kelvin Pritchett,DET,31,,15,0,1,78,0,78,1,,,,,,2.5,16,8,8,2,3,
554,Montae Reagor,DEN,23,,13,0,0,0,0,0,1,,,,,,2.0,9,8,1,3,2,
555,Frankie Smith,CHI,32,,14,0,,,,,,,,,,,2.0,9,8,1,2,2,
556,Reggie Stephens,NYG,25,lb,15,1,3,4,0,4,4,,,,,,,8,8,0,1,1,
557,Chris Sullivan,PIT,27,de,15,2,0,0,0,0,2,0,0,2,0,0,,17,8,9,1,1,
558,Scott Turner,SDG,28,cb,16,2,1,75,1,75,1,,,,,,,8,8,0,0,0,
559,Lyle West,NYG,24,ss,16,1,,,,,,0,0,1,0,0,,8,8,0,0,0,
560,Shawn Wooden,CHI,27,,11,0,0,0,0,0,1,1,0,1,3,0,,11,8,3,0,0,
561,Billy Austin,IND,25,,16,0,,,,,,,,,,,,9,7,2,0,0,
562,Tom Barndt,CIN,28,rdt,14,5,,,,,,1,0,1,0,0,,12,7,5,3,0,
563,David Barrett,ARI,23,,16,0,0,0,0,0,1,1,0,1,0,0,,9,7,2,0,0,
564,Calvin Branch,OAK,26,,16,0,,,,,,0,0,1,6,0,,7,7,0,0,0,
565,Glenn Cadrez,DEN,30,lb/mlb,16,3,0,0,0,0,2,,,,,,,7,7,0,0,0,
566,Shane Dronett,ATL,29,rdt,3,3,0,0,0,0,1,,,,,,1.0,8,7,1,2,1,
567,Keith Embray,TEN,31,,14,0,0,0,0,0,1,,,,,,3.5,10,7,3,4,4,
568,Harald Hasselbach,DEN,33,de,16,1,,,,,,1,0,0,0,0,2.5,9,7,2,3,2,
569,Greg Jeffries,MIA,29,,11,0,1,3,0,3,2,,,,,,,7,7,0,0,0,
570,Clint Kriewaldt,DET,24,lb,13,1,,,,,,0,0,1,0,0,,8,7,1,1,0,
571,Billy Lyon,GNB,27,,11,1,,,,,,,,,,,1.0,11,7,4,1,1,
572,Bobby Myers,TEN,24,fs,16,1,0,0,0,0,1,,,,,,,8,7,1,0,0,
573,Sekou Sanyika,ARI,22,,16,0,,,,,,,,,,,,10,7,3,0,0,
574,Brad Scioli,IND,24,de,16,2,0,0,0,0,3,,,,,,2.0,10,7,3,2,2,
575,Brian Simmons,CIN,25,mlb,1,1,,,,,,,,,,,1.0,9,7,2,1,0,
576,Marcus Washington,IND,23,,16,0,1,1,0,1,1,1,0,0,0,0,2.0,12,7,5,3,2,
577,Kevin Williams,2TM,25,,11,7,,,,,,,,,,,,14,7,7,0,0,
578,Jason Wiltz,NYJ,24,,15,1,,,,,,,,,,,1.0,10,7,3,2,3,
579,Peppi Zellner,DAL,25,,12,0,0,0,0,0,1,,,,,,2.0,10,7,3,3,1,
580,Bobby Brooks,OAK,24,,16,0,,,,,,,,,,,,7,6,1,0,0,
581,Terry Cousin,ATL,25,,15,0,,,,,,,,,,,,6,6,0,0,0,
582,Jeff Gooch,TAM,26,,16,0,,,,,,,,,,,,7,6,1,0,0,
583,Antwan Harris,NWE,23,,14,0,1,11,0,11,1,0,0,1,0,0,1.0,7,6,1,1,1,
584,Michael Hawthorne,NOR,23,cb,11,1,0,0,0,0,1,0,0,1,0,0,,7,6,1,0,0,
585,Raymond Jackson,CLE,27,db,9,1,,,,,,,,,,,,7,6,1,1,0,
586,Sean Moran,STL,27,de,15,3,,,,,,,,,,,2.0,9,6,3,2,2,
587,Bryce Paup,MIN,32,,10,0,,,,,,,,,,,2.0,7,6,1,3,2,
588,Erik Storz,JAX,25,lb,10,2,0,0,0,0,1,0,0,1,0,0,,9,6,3,0,0,
589,Steve Tovar,SDG,30,,16,0,,,,,,,,,,,,8,6,2,0,0,
590,Van Tuinei,CHI,29,de,14,2,0,0,0,0,1,1,0,0,0,0,1.0,9,6,3,0,0,
591,Artie Ulmer,SFO,27,rilb,12,2,,,,,,,,,,,1.0,12,6,6,1,1,
592,Corey Atkins,ATL,24,,12,0,,,,,,,,,,,,6,5,1,0,0,
593,Dorian Boose,NYJ,26,,10,0,,,,,,,,,,,,8,5,3,1,0,
594,James Cannida,TAM,25,,16,0,,,,,,,,,,,2.0,8,5,3,3,2,
595,Kendrick Clancy,PIT,22,,9,0,,,,,,,,,,,,8,5,3,1,0,
596,Mario Edwards,DAL,25,lcb,11,1,0,0,0,0,2,,,,,,,5,5,0,0,0,
597,Nick Ferguson,NYJ,26,,7,0,1,20,0,20,3,,,,,,,9,5,4,0,0,
598,Uhuru Hamiter,PHI,27,,7,0,0,0,0,0,2,,,,,,,7,5,2,0,0,
599,Nate Hobgood-Chittick,2TM,26,,10,0,,,,,,0,0,1,0,0,1.0,11,5,6,2,1,
600,Larry Izzo,MIA,26,,16,0,,,,,,0,1,0,0,0,,6,5,1,0,0,
601,Garrett Johnson,NWE,25,nt,8,2,,,,,,0,0,1,0,0,,11,5,6,0,0,
602,Fred Jones,BUF,23,,15,0,,,,,,,,,,,1.0,7,5,2,1,1,
603,Lenoy Jones,CLE,26,,8,1,0,0,0,0,1,0,0,1,0,0,2.5,9,5,4,2,3,
604,Kenoy Kennedy,DEN,23,,13,0,1,0,0,0,1,,,,,,,7,5,2,0,0,
605,Leif Larsen,BUF,25,,7,0,0,0,0,0,1,1,0,0,0,0,1.0,6,5,1,1,0,
606,Emarlos Leroy,JAX,25,rdt,9,1,,,,,,,,,,,,5,5,0,0,0,
607,James Logan,SEA,28,,16,0,,,,,,,,,,,,6,5,1,0,0,
608,Lonnie Marts,JAX,32,lb,7,3,,,,,,0,0,1,3,0,,6,5,1,0,0,
609,Gabe Northern,MIN,26,de,9,2,,,,,,,,,,,,8,5,3,0,0,
610,Reggie Rusk,SDG,28,,7,0,,,,,,0,0,1,17,0,1.0,5,5,0,1,1,
611,Neil Smith,SDG,34,,10,0,0,0,0,0,1,,,,,,,5,5,0,1,0,
612,Robaire Smith,TEN,23,,7,0,0,0,0,0,1,,,,,,2.5,6,5,1,2,3,
613,Barron Tanner,ARI,27,,4,0,,,,,,,,,,,,5,5,0,0,0,
614,Antonio Banks,MIN,27,,14,0,,,,,,,,,,,,4,4,0,1,0,
615,Eric Barton,OAK,23,,4,0,,,,,,,,,,,,6,4,2,0,0,
616,Danny Clark,JAX,23,,16,0,,,,,,1,0,2,44,0,,4,4,0,0,0,
617,Brad Culpepper,CHI,31,ldt,12,1,,,,,,,,,,,1.0,6,4,2,2,1,
618,John Fiala,PIT,27,,16,0,,,,,,,,,,,,6,4,2,0,0,
619,Nolan Harrison,WAS,31,rdt,16,2,,,,,,,,,,,1.0,5,4,1,3,2,
620,Tyoka Jackson,TAM,29,dt,16,1,,,,,,,,,,,2.0,7,4,3,1,2,
621,Olrick Johnson,NWE,23,,12,0,,,,,,,,,,,,4,4,0,0,0,
622,N.D. Kalu,WAS,25,,15,0,0,0,0,0,1,0,0,1,4,0,1.0,7,4,3,1,1,
623,Travis Kirschke,DET,26,,13,0,,,,,,0,0,1,0,0,0.5,12,4,8,0,1,
624,Kevin Mitchell,WAS,29,,16,0,1,0,0,0,1,,,,,,1.0,4,4,0,3,1,
625,Robert Newkirk,CHI,23,,5,0,,,,,,,,,,,,4,4,0,1,0,
626,Kevin O'Neill,DET,25,,11,0,,,,,,,,,,,,7,4,3,0,0,
627,Ike Reese,PHI,27,,16,0,,,,,,,,,,,,5,4,1,0,0,
628,Paul Spicer,JAX,25,,3,0,,,,,,1,0,0,0,0,1.0,5,4,1,0,0,
629,Jeremy Staat,PIT,24,,7,0,,,,,,,,,,,,9,4,5,0,0,
630,Henry Taylor,ATL,25,,5,0,,,,,,,,,,,,4,4,0,0,0,
631,Larry Webster,BAL,31,,5,0,,,,,,0,0,1,0,0,,5,4,1,0,0,
632,Brian Young,STL,23,,11,0,,,,,,,,,,,,6,4,2,1,0,
633,J.B. Brown,DET,33,,3,0,,,,,,,,,,,,4,3,1,0,0,
634,Martin Chase,NOR,26,,9,0,,,,,,,,,,,,3,3,0,0,0,
635,Chris Combs,PIT,24,,6,0,,,,,,,,,,,,3,3,0,0,0,
636,Anthony Davis,BAL,31,,14,0,,,,,,,,,,,,5,3,2,1,0,
637,Tim Denton,SDG,27,,5,0,0,0,0,0,1,,,,,,,3,3,0,0,0,
638,Tyronne Drakeford,WAS,29,cb,9,1,0,0,0,0,1,,,,,,,5,3,2,0,0,
639,Kabeer Gbaja-Biamila,GNB,23,,7,0,,,,,,,,,,,1.5,4,3,1,1,1,
640,Tony George,NWE,25,,15,0,,,,,,0,0,2,24,0,,8,3,5,0,0,
641,Orantes Grant,DAL,22,,13,0,,,,,,0,0,2,0,0,,3,3,0,1,0,
642,Ryan Hale,NYG,25,,16,0,,,,,,,,,,,,4,3,1,0,0,
643,Armon Hatcher,SDG,24,,4,0,,,,,,,,,,,,3,3,0,0,0,
644,John Hilliard,SEA,24,,5,0,,,,,,,,,,,,3,3,0,0,0,
645,Eric Johnson,OAK,24,,16,0,,,,,,,,,,,,3,3,0,0,0,
646,Rob Kelly,NOR,26,,12,0,,,,,,,,,,,,3,3,0,0,0,
647,Todd McMillon,CHI,27,,3,0,,,,,,,,,,,,3,3,0,0,0,
648,John Milem,SFO,25,,16,0,0,0,0,0,1,,,,,,,5,3,2,0,0,
649,Keith Miller,STL,24,,16,0,,,,,,0,0,1,0,0,,3,3,0,0,0,
650,Jim Nelson,MIN,25,,16,0,,,,,,,,,,,,6,3,3,1,0,
651,Deltha O'Neal,DEN,23,,16,0,0,0,0,0,3,1,6,3,6,0,,3,3,0,0,0,
652,Damien Richardson,CAR,24,s,16,1,0,0,0,0,2,,,,,,,3,3,0,0,0,
653,Twan Russell,MIA,26,lb,16,2,,,,,,0,0,1,0,0,,3,3,0,0,0,
654,Brandon Short,NYG,23,,11,0,,,,,,,,,,,,3,3,0,0,0,
655,Peter Sirmon,TEN,23,,5,0,,,,,,,,,,,,3,3,0,0,0,
656,Fernando Smith,2TM,29,,3,0,,,,,,,,,,,,5,3,2,0,0,
657,Shannon Taylor,SDG,25,,11,0,,,,,,,,,,,,3,3,0,2,0,
658,David Terrell,WAS,25,,16,0,,,,,,0,0,2,0,0,,3,3,0,2,1,
659,Mike Vrabel,PIT,25,,15,0,,,,,,0,0,1,0,0,1.0,5,3,2,2,1,
660,Marcus Bell,SEA,23,,16,0,1,30,0,30,1,,,,,,,2,2,0,1,0,
661,Tom Burke,ARI,24,,2,0,,,,,,,,,,,,3,2,1,0,0,
662,Leonardo Carson,SDG,23,,4,0,,,,,,,,,,,,2,2,0,1,0,
663,Johndale Carty,ATL,23,,15,0,,,,,,,,,,,,2,2,0,0,0,
664,James Darling,PHI,26,,16,0,,,,,,,,,,,0.5,4,2,2,0,1,
665,Don Davis,TAM,28,,16,0,,,,,,,,,,,,7,2,5,1,2,
666,Todd Franz,2TM,24,,7,0,,,,,,,,,,,,2,2,0,0,0,
667,Trent Gamble,MIA,23,,16,0,0,0,0,0,1,0,0,1,0,0,,3,2,1,0,0,
668,David Gibson,TAM,23,,9,0,,,,,,,,,,,,2,2,0,0,0,
669,Billy Granville,CIN,26,,14,0,,,,,,0,0,1,0,0,,2,2,0,0,0,
670,Raion Hill,BUF,24,,16,0,,,,,,,,,,,,2,2,0,0,0,
671,Gaylon Hyder,STL,26,dt,5,1,,,,,,,,,,,,2,2,0,0,0,
672,Terry Killens,TEN,26,,16,0,,,,,,,,,,,1.0,2,2,0,1,1,
673,Jason Kyle,SFO,28,,2,0,,,,,,,,,,,,2,2,0,0,0,
674,Reggie McGrew,SFO,24,,10,0,0,0,0,0,1,,,,,,,3,2,1,0,0,
675,Paul Miranda,SEA,24,,3,0,,,,,,1,0,0,0,0,,3,2,1,0,0,
676,Don Morgan,MIN,25,,2,0,,,,,,,,,,,,2,2,0,0,0,
677,Hank Poteat,PIT,23,,15,0,,,,,,0,3,0,0,0,,2,2,0,0,0,
678,Derrick Ransom,KAN,24,,10,0,,,,,,,,,,,,2,2,0,1,0,
679,Antoine Simpson,SDG,24,,7,0,,,,,,0,0,1,0,0,,2,2,0,0,0,
680,Travian Smith,OAK,25,,16,0,,,,,,,,,,,,2,2,0,0,0,
681,Omar Stoutmire,NYG,26,,16,0,,,,,,,,,,,,2,2,0,0,0,
682,Jason Suttle,DEN,26,,5,0,,,,,,0,0,1,0,1,,2,2,0,0,0,
683,Ryan Taylor,CLE,24,,4,0,,,,,,,,,,,,2,2,0,0,0,
684,Edward Thomas,2TM,25,,8,0,,,,,,,,,,,,2,2,0,1,0,
685,Ratcliff Thomas,IND,26,,12,0,,,,,,,,,,,,3,2,1,0,0,
686,Taje Allen,STL,27,cb,11,1,,,,,,,,,,,,1,1,0,0,0,
687,Lester Archambeau,DEN,33,,3,0,,,,,,,,,,,,1,1,0,0,0,
688,Roy Barker,MIN,31,,4,0,,,,,,,,,,,,1,1,0,,,
689,Tommy Bennett,ARI,27,,11,0,,,,,,,,,,,,2,1,1,0,0,
690,Jason Bostic,PHI,24,,16,0,,,,,,0,1,0,0,0,,1,1,0,1,0,
691,Keith Burns,DEN,28,,13,0,0,0,0,0,1,2,0,1,0,0,,1,1,0,0,0,
692,George Coghill,DEN,30,,16,0,,,,,,,,,,,,1,1,0,0,0,
693,Marques Douglas,NOR,23,,1,0,,,,,,,,,,,,1,1,0,0,0,
694,Ernest Grant,MIA,24,,2,0,,,,,,,,,,,,1,1,0,0,0,
695,James Hall,DET,23,,5,0,0,0,0,0,1,1,0,0,0,0,1.0,1,1,0,0,0,
696,Richard Harvey,SDG,34,,8,0,,,,,,,,,,,,1,1,0,0,0,
697,Duane Hawthorne,DAL,24,,14,0,0,0,0,0,1,,,,,,,1,1,0,0,0,
698,Brandon Jennings,OAK,22,,2,0,,,,,,,,,,,,1,1,0,0,0,
699,Kevin Lewis,NYG,22,,7,0,,,,,,,,,,,,1,1,0,0,0,
700,Ramos McDonald,NYG,24,,3,0,,,,,,,,,,,,1,1,0,0,0,
701,Ray McElroy,CHI,28,,13,0,,,,,,0,0,1,0,0,,1,1,0,0,0,
702,Craig Miller,JAX,23,db/fs,4,2,0,0,0,0,1,,,,,,,2,1,1,0,0,
703,Aric Morris,TEN,23,,15,0,,,,,,0,0,1,0,0,,1,1,0,0,0,
704,Mike Morton,GNB,28,,16,0,,,,,,,,,,,,3,1,2,0,0,
705,David Nugent,NWE,23,,6,0,,,,,,,,,,,,1,1,0,1,0,
706,Erik Olson,JAX,23,,14,0,,,,,,,,,,,,1,1,0,0,0,
707,Daryl Porter,BUF,26,,16,0,1,0,0,0,4,1,0,2,54,1,,3,1,2,0,0,
708,Austin Robbins,2TM,29,,5,0,,,,,,,,,,,,1,1,0,0,0,
709,Fred Robbins,MIN,23,,8,0,,,,,,,,,,,1.0,3,1,2,1,1,
710,Khari Samuel,CHI,24,,16,0,,,,,,,,,,,,1,1,0,0,0,
711,Craig Sauer,MIN,28,,9,0,0,0,0,0,1,,,,,,,1,1,0,1,0,
712,Tony Scott,NYJ,24,,16,0,1,0,0,0,1,0,0,1,0,0,,1,1,0,1,0,
713,Chuck Smith,CAR,31,de,2,2,,,,,,,,,,,,1,1,0,0,0,
714,Eric Vance,TAM,25,,14,0,0,0,0,0,1,,,,,,,1,1,0,0,0,
715,Andre Weathers,NYG,24,,1,0,0,0,0,0,1,,,,,,,1,1,0,0,0,
716,Floyd Young,TAM,25,,7,0,,,,,,,,,,,,1,1,0,0,0,
717,Ethan Albright,BUF,29,,16,0,,,,,,0,0,1,19,0,,,,,,,
718,Larry Allen,DAL,29,LG,16,16,,,,,,0,0,2,0,0,,,,,,,
719,Mike Alstott,TAM,27,fb,13,13,,,,,,0,3,1,0,0,,,,,,,
720,Jamal Anderson,ATL,28,RB,16,16,,,,,,0,6,1,0,0,,,,,,,
721,Willie Anderson,CIN,25,RT,16,16,,,,,,0,0,1,0,0,,,,,,,
722,Joe Andruzzi,NWE,25,lg,11,11,,,,,,0,0,1,2,0,,,,,,,
723,Larry Atkins,KAN,25,,15,0,,,,,,0,0,1,0,0,,,,,,,
724,Darnell Autry,PHI,24,rb,11,7,,,,,,0,2,1,0,0,,,,,,,
725,Brad Badger,MIN,25,,16,0,,,,,,0,0,1,0,0,,,,,,,
726,Tony Banks,BAL,27,qb,11,8,,,,,,0,5,2,-2,0,,,,,,,
727,Tiki Barber,NYG,25,RB,16,12,,,,,,0,9,5,0,0,,,,,,,
728,Mike Bartrum,PHI,30,,16,0,,,,,,0,0,1,0,0,,,,,,,
729,Charlie Batch,DET,26,QB,15,15,,,,,,0,6,1,-5,0,,,,,,,
730,Michael Bates,CAR,31,,16,0,,,,,,0,4,1,0,0,,,,,,,
731,Fred Baxter,NYJ,29,te,9,6,,,,,,0,0,1,0,0,,,,,,,
732,Brandon Bennett,CIN,27,,16,0,,,,,,0,2,1,0,0,,,,,,,
733,Jerome Bettis,PIT,28,RB,16,16,,,,,,0,1,1,1,0,,,,,,,
734,Josh Bidwell,GNB,24,P,16,0,,,,,,0,1,1,0,0,,,,,,,
735,Eric Bjornson,NWE,29,te,8,6,,,,,,0,0,1,0,0,,,,,,,
736,Jeff Blake,NOR,30,QB,11,11,,,,,,0,7,3,-2,0,,,,,,,
737,Drew Bledsoe,NWE,28,QB,16,16,,,,,,0,9,3,-20,0,,,,,,,
738,Marty Booker,CHI,24,wr,15,7,,,,,,0,2,1,0,0,,,,,,,
739,David Boston,ARI,22,WR,16,16,,,,,,0,2,1,0,0,,,,,,,
740,O.J. Brigance,BAL,31,,16,0,,,,,,0,0,1,0,0,,1,0,1,0,0,
741,Bubby Brister,MIN,38,,2,0,,,,,,0,1,1,0,0,,,,,,,
742,Lomas Brown,NYG,37,LT,16,16,,,,,,0,0,1,0,0,,,,,,,
743,Ray Brown,SFO,38,LG,16,16,,,,,,0,0,1,0,0,,,,,,,
744,Mark Brunell,JAX,30,QB,16,16,,,,,,0,7,3,-2,0,,,,,,,
745,Jim Bundren,CLE,26,LG,11,9,,,,,,0,0,1,0,0,,,,,,,
746,Isaac Byrd,CAR,26,wr,15,4,,,,,,0,0,1,0,0,,,,,,,
747,Cris Carter,MIN,35,WR,16,16,,,,,,0,3,2,0,0,,,,,,,
748,Larry Centers,WAS,32,fb/rb,15,6,,,,,,0,1,1,0,0,,,,,,,
749,Frank Chamberlin,TEN,22,,12,0,,,,,,,,,,,,1,0,1,0,0,
750,Chris Chandler,ATL,35,QB,14,13,,,,,,0,7,4,-13,0,,,,,,,
751,Roger Chanoine,CLE,24,,7,0,,,,,,0,0,1,0,0,,,,,,,
752,Je'Rod Cherry,PHI,27,,13,0,,,,,,0,0,1,0,0,,,,,,,
753,Wayne Chrebet,NYJ,27,WR,16,16,,,,,,0,0,1,0,0,,,,,,,
754,Bob Christian,ATL,32,FB,16,14,,,,,,0,0,1,10,0,,,,,,,
755,Greg Clark,SFO,28,TE,15,15,,,,,,0,1,1,0,0,,,,,,,
756,Anthony Clement,ARI,24,RT,16,16,,,,,,0,0,1,0,0,,,,,,,
757,Nakia Codie,PIT,23,,6,0,1,14,0,14,0,,,,,,,,,,,,
758,Mac Cody,ARI,28,wr,15,1,,,,,,0,4,1,0,0,,,,,,,
759,KaRon Coleman,DEN,22,,9,0,,,,,,0,2,1,0,0,,,,,,,
760,Kerry Collins,NYG,28,QB,16,16,,,,,,0,7,1,-13,0,,,,,,,
761,Rashard Cook,PHI,23,,14,0,,,,,,,,,,,,1,0,1,0,0,
762,Zack Crockett,OAK,28,fb/rb,16,4,,,,,,0,0,1,0,0,,,,,,,
763,Daunte Culpepper,MIN,23,QB,16,16,,,,,,0,11,5,-23,0,,,,,,,
764,Randall Cunningham,DAL,37,qb,6,3,,,,,,0,4,3,-2,0,,,,,,,
765,Antico Dalton,NWE,25,,3,0,,,,,,0,0,1,0,0,,,,,,,
766,Brad Daluiso01,NYG,33,K,14,0,0,0,0,0,1,,,,,,,,,,,,
767,Reggie Davis,SDG,24,,10,0,,,,,,0,0,1,0,0,,,,,,,
768,Rob Davis,GNB,32,,16,0,,,,,,0,0,1,0,0,,,,,,,
769,Stephen Davis,WAS,26,RB,15,15,,,,,,0,4,1,0,0,,,,,,,
770,James Dexter,CAR,27,lg,9,2,,,,,,0,0,1,0,0,,,,,,,
771,Trent Dilfer,BAL,28,qb,11,8,,,,,,0,8,1,-7,0,,,,,,,
772,Chris Dishman,ARI,26,c/lg/rg,14,12,,,,,,0,1,1,0,0,,,,,,,
773,David Dixon,MIN,31,RG,16,16,,,,,,0,0,1,0,0,,,,,,,
774,Earl Dotson,GNB,30,rt,2,2,,,,,,0,0,1,0,0,,,,,,,
775,Gary Downs,ATL,28,,16,0,,,,,,0,0,1,0,0,,,,,,,
776,Donald Driver,GNB,25,wr,16,2,,,,,,0,0,1,0,0,,,,,,,
777,Rickey Dudley,OAK,28,TE,16,16,,,,,,0,1,1,0,0,,,,,,,
778,Tim Dwight,ATL,25,wr,14,1,,,,,,0,3,1,0,0,,,,,,,
779,Marc Edwards,CLE,26,FB,16,8,,,,,,0,2,1,0,0,,,,,,,
780,Bobby Engram,CHI,27,wr,3,3,,,,,,0,1,1,0,0,,,,,,,
781,Alan Faneca,PIT,24,LG,16,16,,,,,,0,0,1,0,0,,,,,,,
782,Kevin Faulk,NWE,24,rb,16,9,,,,,,0,6,1,0,0,,,,,,,
783,Marshall Faulk,STL,27,RB,14,14,,,,,,0,0,2,0,0,,,,,,,
784,Christian Fauria,SEA,29,te,15,10,,,,,,0,1,1,0,0,,,,,,,
785,Brett Favre,GNB,31,QB,16,16,,,,,,0,9,2,-12,0,,,,,,,
786,Jermaine Fazande,SDG,25,rb,13,7,,,,,,0,1,1,0,0,,,,,,,
787,John Fina,BUF,31,lt,14,14,,,,,,0,0,1,0,0,,,,,,,
788,Doug Flutie,BUF,38,qb,11,5,,,,,,0,5,2,-9,0,,,,,,,
789,Mike Flynn,BAL,26,c/RG,16,16,,,,,,0,1,2,-18,0,,,,,,,
790,Jerry Fontenot,NOR,34,C,16,16,,,,,,0,0,1,0,0,,,,,,,
791,Larry Foster,DET,24,,10,0,,,,,,0,2,1,0,0,,,,,,,
792,Lennie Friedman,DEN,24,lg,16,8,,,,,,0,0,2,0,0,,,,,,,
793,Oronde Gadsden,MIA,29,WR,16,16,,,,,,0,0,2,0,0,,,,,,,
794,Wayne Gandy,PIT,29,LT,16,16,,,,,,0,0,1,0,0,,,,,,,
795,Rich Gannon,OAK,35,QB,16,16,,,,,,0,9,2,-1,0,,,,,,,
796,Frank Garcia,CAR,28,C,16,16,,,,,,0,0,1,0,0,,,,,,,
797,Jeff Garcia,SFO,30,QB,16,16,,,,,,0,7,4,-6,0,,,,,,,
798,Trevor Gaylor,SDG,23,wr,14,2,,,,,,0,0,1,13,0,,,,,,,
799,Eddie George,TEN,27,RB,16,16,,,,,,0,5,2,0,0,,,,,,,
800,Jeff George,WAS,33,qb,6,5,,,,,,0,3,1,-3,0,,,,,,,
801,Ron George,KAN,30,,16,0,,,,,,,,,,,,2,0,2,0,0,
802,Mike Goff,CIN,24,RG,16,16,,,,,,0,0,2,0,0,,,,,,,
803,Jack Golden,NYG,23,,16,0,,,,,,0,0,1,0,0,,,,,,,
804,Tony Gonzalez,KAN,24,TE,16,16,,,,,,0,0,1,0,0,,,,,,,
805,Scott Gragg,SFO,28,RT,16,16,,,,,,0,0,1,0,0,,,,,,,
806,Chris Gray,SEA,30,c,16,16,,,,,,0,0,1,0,0,,,,,,,
807,Elvis Grbac,KAN,30,QB,15,15,,,,,,0,7,2,-6,0,,,,,,,
808,Ahman Green,GNB,23,rb,16,11,,,,,,0,6,1,0,0,,,,,,,
809,Barrett Green,DET,23,,9,0,,,,,,0,0,1,0,0,,,,,,,
810,Brian Griese,DEN,25,qb,10,10,,,,,,0,5,2,-8,0,,,,,,,
811,Howard Griffith,DEN,33,fb,14,14,,,,,,0,0,1,0,0,,,,,,,
812,Tim Grunhard,KAN,32,C,15,15,,,,,,0,0,1,0,0,,,,,,,
813,Az-Zahir Hakim,STL,23,wr,16,4,,,,,,0,7,1,0,0,,,,,,,
814,Karl Hankton,CAR,30,,16,0,,,,,,0,0,1,0,0,,,,,,,
815,Jim Harbaugh,SDG,37,qb,7,5,,,,,,0,5,1,-5,0,,,,,,,
816,Jeff Hartings,DET,28,RG,16,16,,,,,,0,0,1,0,1,,,,,,,
817,Andy Heck,WAS,33,lg,16,2,,,,,,0,0,1,0,0,,,,,,,
818,Steve Heiden,SDG,24,te,15,3,,,,,,0,0,1,0,0,,,,,,,
819,William Henderson,GNB,29,fb,16,6,,,,,,0,1,1,0,0,,,,,,,
820,Tommy Hendricks,MIA,22,,8,0,,,,,,,,,,,,1,0,1,0,0,
821,Chris Hetherington,CAR,28,fb,16,5,,,,,,0,0,1,0,0,,,,,,,
822,James Hodgins,STL,23,rb,15,2,,,,,,0,0,1,0,0,,,,,,,
823,Priest Holmes,BAL,27,rb,16,2,,,,,,0,2,1,0,0,,,,,,,
824,Torry Holt,STL,24,WR,16,15,,,,,,0,2,1,0,0,,,,,,,
825,Brad Hoover,CAR,24,rb,16,4,,,,,,0,1,1,0,0,,,,,,,
826,Joe Horn,NOR,28,WR,16,16,,,,,,0,1,1,0,0,,,,,,,
827,Tony Horne,STL,24,,11,0,,,,,,0,3,1,0,0,,,,,,,
828,Desmond Howard,DET,30,,15,0,,,,,,0,2,1,0,0,,,,,,,
829,Brock Huard,SEA,24,qb,5,4,,,,,,0,2,1,0,0,,,,,,,
830,Deon Humphrey,2TM,24,,10,0,,,,,,0,0,1,0,0,,,,,,,
831,Sale Isaia,NWE,28,RG,16,14,,,,,,0,0,1,0,0,,,,,,,
832,Brad Jackson,BAL,25,,10,0,,,,,,0,0,2,0,0,,,,,,,
833,Darrell Jackson,SEA,22,wr,16,9,,,,,,0,2,1,18,0,,,,,,,
834,Sheldon Jackson,BUF,24,te,16,8,,,,,,0,0,1,0,0,,,,,,,
835,Terry Jackson,SFO,24,rb,15,1,,,,,,0,0,1,0,0,,,,,,,
836,Nate Jacquet,2TM,25,,12,0,,,,,,0,3,2,0,0,,,,,,,
837,Ronney Jenkins,SDG,23,,16,0,,,,,,0,3,2,0,0,,,,,,,
838,John Jett,DET,32,P,16,0,,,,,,0,1,1,-10,0,,,,,,,
839,Brad Johnson,WAS,32,QB,12,11,,,,,,0,5,2,-14,0,,,,,,,
840,Lee Johnson01,NWE,39,P,16,0,,,,,,0,2,1,-12,0,,,,,,,
841,Rob Johnson,BUF,27,qb,12,11,,,,,,0,4,2,0,0,,,,,,,
842,Freddie Jones,SDG,26,te,16,16,,,,,,0,3,1,0,0,,,,,,,
843,Reggie Jones,SDG,29,wr,11,2,,,,,,0,1,1,0,0,,,,,,,
844,Thomas Jones,ARI,22,rb,14,4,,,,,,0,4,1,0,0,,,,,,,
845,Danny Kanell,ATL,27,,5,1,,,,,,0,2,2,-2,0,,,,,,,
846,Maurice Kelly,SEA,28,,16,0,,,,,,,,,,,,1,0,1,0,0,
847,Pete Kendall,SEA,27,lg,16,16,,,,,,0,0,1,0,0,,,,,,,
848,Lincoln Kennedy,OAK,29,RT,16,16,,,,,,0,0,2,0,0,,,,,,,
849,Eddie Kennison,CHI,27,wr,16,10,,,,,,0,1,1,0,0,,,,,,,
850,Shaun King,TAM,23,qb,16,16,,,,,,0,4,3,0,0,,,,,,,
851,Erron Kinney,TEN,23,te,16,9,,,,,,0,1,1,0,0,,,,,,,
852,Jon Kitna,SEA,28,qb,15,12,,,,,,0,17,9,-19,0,,,,,,,
853,Brian Kozlowski,ATL,30,te/wr,16,3,,,,,,0,0,2,0,0,,,,,,,
854,Ryan Leaf,SDG,24,qb,11,9,,,,,,0,12,4,-18,0,,,,,,,
855,Matt Lepsis,DEN,26,rt,16,16,,,,,,0,0,1,0,0,,,,,,,
856,Jamal Lewis,BAL,21,RB,16,13,,,,,,0,6,3,0,0,,,,,,,
857,Jonas Lewis,SFO,24,,10,0,,,,,,0,0,1,0,0,,,,,,,
858,Jeremy Lincoln,DET,31,,3,0,,,,,,0,0,1,0,0,,,,,,,
859,Everett Lindsay,CLE,30,RG,16,16,,,,,,0,0,1,0,0,,,,,,,
860,Jonathan Linton,BUF,26,rb,14,2,,,,,,0,3,1,0,0,,,,,,,
861,Kevin Lockett,KAN,26,,16,2,,,,,,0,3,1,0,0,,,,,,,
862,Kevin Long,TEN,25,C,16,16,,,,,,0,0,1,0,0,,,,,,,
863,David Loverne,NYJ,24,,16,0,,,,,,0,0,1,0,0,,,,,,,
864,Ray Lucas,NYJ,28,,7,0,,,,,,0,2,1,0,0,,,,,,,
865,Nick Luchey,CIN,23,fb,14,4,,,,,,0,2,1,0,0,,,,,,,
866,Stacey Mack,JAX,25,fb/rb,6,2,,,,,,0,3,1,0,0,,,,,,,
867,Peyton Manning,IND,24,QB,16,16,,,,,,0,5,1,-3,0,,,,,,,
868,Derrick Mason,TEN,26,WR,16,10,,,,,,0,1,1,0,0,,,,,,,
869,Shane Matthews,CHI,30,qb,6,5,,,,,,0,2,1,0,0,,,,,,,
870,Fred McAfee,NOR,32,,12,0,,,,,,0,0,1,0,0,,,,,,,
871,Keenan McCardell,JAX,30,WR,16,16,,,,,,0,3,1,4,0,,,,,,,
872,Norris McCleary,KAN,23,,3,0,,,,,,,,,,,,1,0,1,0,0,
873,Wane McGarity,DAL,24,,14,0,,,,,,0,2,2,0,0,,,,,,,
874,Raleigh McKenzie,GNB,37,,3,0,,,,,,0,0,1,0,0,,,,,,,
875,Steve McKinney,IND,25,LG,16,16,,,,,,0,0,1,0,0,,,,,,,
876,Donovan McNabb,PHI,24,QB,16,16,,,,,,0,7,2,-5,0,,,,,,,
877,Steve McNair,TEN,27,QB,16,15,,,,,,0,12,3,-31,0,,,,,,,
878,Cade McNown,CHI,23,qb,10,9,,,,,,0,8,4,-17,0,,,,,,,
879,Brad Meester,JAX,23,LG,16,16,,,,,,0,0,1,0,0,,,,,,,
880,Glyn Milburn,CHI,29,,16,0,,,,,,0,4,3,0,0,,,,,,,
881,Fred Miller,TEN,27,RT/t,16,16,,,,,,0,0,2,0,0,,,,,,,
882,Josh Miller,PIT,30,P,16,0,,,,,,0,1,1,-18,0,,,,,,,
883,Kory Minor,CAR,24,,15,0,,,,,,,,,,,,1,0,1,0,0,
884,Anthony Mitchell,BAL,26,,16,0,,,,,,0,0,1,0,0,,1,0,1,0,0,
885,Basil Mitchell,GNB,25,,1,0,,,,,,0,1,1,0,0,,,,,,,
886,Brian Mitchell,PHI,32,rb,16,1,,,,,,0,3,1,0,0,,,,,,,
887,Pete Mitchell,NYG,29,te,14,5,,,,,,0,1,1,0,0,,,,,,,
888,Warren Moon,KAN,44,,2,1,,,,,,0,1,1,0,0,,,,,,,
889,Larry Moore,IND,25,RG,16,16,,,,,,0,0,1,0,0,,,,,,,
890,Moses Moreno,SDG,25,qb,6,2,,,,,,0,3,1,-1,0,,,,,,,
891,Sammy Morris,BUF,23,rb,12,8,,,,,,0,2,1,0,0,,,,,,,
892,Harold Morrow,MIN,27,,16,0,,,,,,0,0,1,0,0,,,,,,,
893,Chad Morton,NOR,23,rb,16,3,,,,,,0,2,1,0,0,,,,,,,
894,Eric Moulds,BUF,27,WR,16,16,0,0,0,0,1,0,1,1,0,0,,,,,,,
895,Muhsin Muhammad,CAR,27,WR,16,16,,,,,,0,1,1,0,0,,,,,,,
896,Edwin Mulitalo,BAL,26,LG,16,16,,,,,,0,0,2,0,0,,,,,,,
897,Tom Myslinski,PIT,32,,6,0,,,,,,0,0,1,0,0,,,,,,,
898,Jamie Nails,BUF,25,RG,16,16,,,,,,0,0,1,5,0,,,,,,,
899,Tom Nutten,STL,29,g/LG,16,16,,,,,,0,0,1,0,0,,,,,,,
900,Jonathan Ogden,BAL,26,LT,15,15,,,,,,0,0,2,0,0,,,,,,,
901,Jerry Ostroski,BUF,30,C,16,16,,,,,,0,1,1,-12,1,,,,,,,
902,Bernie Parmalee,NYJ,33,,14,0,,,,,,0,0,1,0,0,,,,,,,
903,Patrick Pass,NWE,23,rb,5,2,,,,,,0,0,1,0,0,,,,,,,
904,Doug Pederson,CLE,32,qb,11,8,,,,,,0,4,3,0,0,,,,,,,
905,Luke Petitgout,NYG,24,RT,16,16,,,,,,0,0,1,0,0,,,,,,,
906,Jake Plummer,ARI,26,QB,14,14,,,,,,0,8,4,-1,0,,,,,,,
907,Keith Poole,NOR,26,wr,15,4,,,,,,0,1,1,0,0,,,,,,,
908,Daniel Pope,CIN,25,P,16,0,,,,,,0,1,1,-19,0,,,,,,,
909,Peerless Price,BUF,24,WR,16,16,,,,,,0,4,1,0,0,,,,,,,
910,Walter Rasby,DET,28,te,16,8,,,,,,0,0,1,0,0,,,,,,,
911,Anthony Redmon,ATL,29,rg,4,4,,,,,,0,0,1,0,0,,,,,,,
912,Jerry Rice,SFO,38,WR,16,16,,,,,,0,3,1,0,0,,,,,,,
913,Jeff Robinson,STL,30,te,16,2,,,,,,0,0,1,0,0,,,,,,,
914,Charlie Rogers,SEA,24,,15,0,,,,,,0,5,1,0,0,,,,,,,
915,Raleigh Roundtree,SDG,25,g/lg,16,15,,,,,,0,0,1,0,0,,,,,,,
916,Jon Runyan,PHI,27,RT,16,16,,,,,,0,0,1,0,0,,,,,,,
917,Rod Rutledge,NWE,25,te,16,11,,,,,,0,0,1,0,0,,,,,,,
918,Tarek Saleh,CLE,26,,16,0,,,,,,0,0,1,0,0,,,,,,,
919,Jeff Saturday,IND,25,C,16,16,,,,,,0,1,1,0,0,,,,,,,
920,Daimon Shelton,JAX,28,fb,16,9,,,,,,0,0,2,0,0,,,,,,,
921,L.J. Shelton,ARI,24,LT,14,14,,,,,,0,0,1,0,0,,,,,,,
922,Will Shields,KAN,29,lt/rg,16,16,,,,,,0,0,1,0,0,,,,,,,
923,Barry Sims,OAK,26,lt,16,8,,,,,,0,0,1,0,0,,,,,,,
924,Keith Sims,WAS,33,LG,13,13,,,,,,0,0,1,0,0,,,,,,,
925,Akili Smith,CIN,25,QB,12,11,,,,,,0,14,2,-14,0,,,,,,,
926,Emmitt Smith,DAL,31,RB,16,16,,,,,,0,6,1,0,0,,,,,,,
927,Paul Smith,SFO,22,,10,0,,,,,,0,2,2,0,0,,,,,,,
928,Robert Smith,MIN,28,RB,16,16,,,,,,0,4,3,0,0,,,,,,,
929,R. Jay Soward,JAX,22,wr,13,2,,,,,,0,3,1,0,0,,,,,,,
930,Dave Stachelski,NOR,23,,4,0,,,,,,0,0,1,0,0,,,,,,,
931,Duce Staley,PHI,25,rb,5,5,,,,,,0,3,1,0,0,,,,,,,
932,James Stewart,DET,29,RB,16,16,,,,,,0,4,1,0,0,,,,,,,
933,Kordell Stewart,PIT,28,qb,16,11,,,,,,0,8,3,-1,0,,,,,,,
934,Gary Stills,KAN,26,,12,0,,,,,,0,0,1,0,0,,,,,,,
935,Dwight Stone,NYJ,36,,12,0,,,,,,0,1,1,0,0,,,,,,,
936,Harry Swayne,BAL,35,RT,13,13,,,,,,0,0,1,0,0,,,,,,,
937,John Tait,KAN,25,lt,15,15,,,,,,0,0,1,0,0,,,,,,,
938,Josh Taves,OAK,28,,16,0,1,24,0,24,5,,,,,,3.0,,,,,,
939,Fred Taylor,JAX,24,RB,13,13,,,,,,0,4,2,-1,0,,,,,,,
940,Corey Terry,NOR,24,,7,0,,,,,,,,,,,,1,0,1,0,0,
941,Adalius Thomas,BAL,23,,3,0,,,,,,,,,,,,1,0,1,,,
942,Chris Thomas,STL,29,,16,0,,,,,,0,0,1,0,0,,,,,,,
943,Robert Thomas,DAL,26,FB,16,15,,,,,,0,2,1,0,0,,,,,,,
944,Rodney Thomas,TEN,27,,16,0,,,,,,0,1,1,0,0,,,,,,,
945,Kevin Thompson,CLE,23,,1,0,,,,,,0,1,1,0,0,,,,,,,
946,James Thrash,WAS,25,wr,16,9,,,,,,0,1,1,0,0,,,,,,,
947,Jared Tomich,NOR,26,,15,0,,,,,,,,,,,,1,0,1,0,0,
948,Amani Toomer,NYG,26,WR,16,14,,,,,,0,1,1,0,0,,,,,,,
949,Maugaula Tuitele,NWE,22,,1,0,,,,,,,,,,,,1,0,1,0,0,
950,Kyle Turley,NOR,25,RT,16,16,,,,,,0,0,4,-6,0,,,,,,,
951,Jeff Ulbrich,SFO,23,,4,0,,,,,,,,,,,,1,0,1,0,0,
952,Ken Walter,CAR,28,P,16,0,,,,,,0,2,2,-11,0,,,,,,,
953,Troy Walters,MIN,24,,12,0,,,,,,0,2,1,0,0,,,,,,,
954,Hines Ward,PIT,24,WR,16,15,,,,,,0,2,1,0,0,,,,,,,
955,Steve Warren,GNB,22,,13,0,0,0,0,0,3,,,,,,,,,,,,
956,Peter Warrick,CIN,23,WR,16,16,,,,,,0,2,1,0,0,,,,,,,
957,Ricky Watters,SEA,31,rb,16,16,,,,,,0,5,2,0,0,,,,,,,
958,John Welbourn,PHI,24,LG,16,16,,,,,,0,0,1,0,0,,,,,,,
959,Tyrone Wheatley,OAK,28,RB,14,13,,,,,,0,4,1,0,0,,,,,,,
960,Zach Wiegert,JAX,28,rt,8,8,,,,,,0,0,1,0,0,,,,,,,
961,Casey Wiegmann,CHI,27,C/rg,16,10,,,,,,0,0,1,0,0,,,,,,,
962,Michael Wiley,DAL,22,,10,0,,,,,,0,3,1,0,0,,,,,,,
963,Terrence Wilkins,IND,25,wr,14,7,,,,,,0,4,1,0,0,,,,,,,
964,Elijah Williams,ATL,25,cb,15,3,1,1,0,1,4,,,,,,,,,,,,
965,George Williams,NYG,25,,13,0,,,,,,0,0,1,0,0,,,,,,,
966,James Williams,SEA,22,,10,0,,,,,,,,,,,,,,,,,1
967,James Williams,CHI,32,RT,16,16,,,,,,0,0,1,0,0,,,,,,,
968,Karl Williams,TAM,29,,13,0,,,,,,0,2,1,0,0,,,,,,,
969,Kevin Williams,SFO,29,,16,0,,,,,,0,1,1,0,0,,,,,,,
970,Moe Williams,MIN,26,,16,0,,,,,,0,0,1,0,0,,,,,,,
971,Ricky Williams,NOR,23,RB,10,10,,,,,,0,6,2,0,0,,,,,,,
972,Wally Williams,NOR,29,LG,16,16,,,,,,0,0,1,0,0,,,,,,,
973,Anthony Wright,DAL,24,qb,4,2,,,,,,0,3,1,-3,0,,,,,,,
974,Craig Yeast,CIN,24,wr,15,7,,,,,,0,3,1,0,0,,,,,,,
975,Steve Zahursky,CLE,24,lg/RT,16,16,,,,,,0,0,3,0,0,,,,,,,
