Player;2017;2016;2015;2014;2013;2012;2011;2010;2009;2008;2007;2006;2005;2004;2003;2002;2001;2000
A.J. Derby;180880;264700;346013; ; ; ; ; ; ; ; ; ; ; ; ; ; ; 
Aaron Hernandez; ; ; ; ; ;3290000;700000;446000; ; ; ; ; ; ; ; ; ; 
Adam Bergen; ; ; ; ; ; ; ; ; ; ; ;201500;236500; ; ; ; ; 
Adam Nissley; ; ; ; ;289000;274000; ; ; ; ; ; ; ; ; ; ; ; 
Adam Shaheen;1074643; ; ; ; ; ; ; ; ; ; ; ; ; ; ; ; ; 
Adrien Robinson; ; ; ;666413;576413;486413; ; ; ; ; ; ; ; ; ; ; ; 
Alan Cross;158825;397050; ; ; ; ; ; ; ; ; ; ; ; ; ; ; ; 
Alex Bayer; ; ; ;423333; ; ; ; ; ; ; ; ; ; ; ; ; ; 
Alex Ellis; ;158820; ; ; ; ; ; ; ; ; ; ; ; ; ; ; ; 
Alex Smith; ; ;103235;635000;620000;850000;685000;630000;1550000;1493000;628000;543000;423000; ; ; ; ; 
Allen Reisner; ; ;333000; ;555000;300882;201029; ; ; ; ; ; ; ; ; ; ; 
Andre Smith; ; ; ;333000;141177; ;375000; ; ; ; ; ; ; ; ; ; ; 
Andrew Quarless; ; ;1750000;1250000;1368606;585606;495606;365606; ; ; ; ; ; ; ; ; ; 
Andrew Szczerba; ; ; ; ;288000; ; ; ; ; ; ; ; ; ; ; ; ; 
Anthony Becht; ; ; ; ; ; ;525000; ;460000;865000;1630000;700000;592000;1350000;1230000;1110000;990000;870000
Anthony Denham; ; ;333000;98823; ; ; ; ; ; ; ; ; ; ; ; ; ; 
Anthony Fasano;2750000;3187500;2031250;4281250;2375000;4375000;2675000;1876000;535000;755000;647500;872500; ; ; ; ; ; 
Anthony McCoy; ; ;155294;1350000;656212;566212;476212;346212; ; ; ; ; ; ; ; ; ; 
Antonio Gates;5437500;5500000;8374264;5862500;6862500;6362500;5962500;5987500;4250000;4000000;3625000;4660000;1380000;308500;228500; ; ; 
Antony Auclair;471666; ; ; ; ; ; ; ; ; ; ; ; ; ; ; ; ; 
Arthur Lynch; ; ; ;350825; ; ; ; ; ; ; ; ; ; ; ; ; ; 
Asante Cleveland; ;529410;30000;123529; ; ; ; ; ; ; ; ; ; ; ; ; ; 
Austin Hooper;733357;643357; ; ; ; ; ; ; ; ; ; ; ; ; ; ; ; 
Austin Seferian-Jenkins;1011690;677534;1194301;955440; ; ; ; ; ; ; ; ; ; ; ; ; ; 
Austin Traylor;191471; ; ; ; ; ; ; ; ; ; ; ; ; ; ; ; ; 
Bear Pascoe; ; ;103325;570000;892500;615000;480000;395000;310000; ; ; ; ; ; ; ; ; 
Beau Gardner; ; ;319000; ; ; ; ; ; ; ; ; ; ; ; ; ; ; 
Ben Braunecker;254120;370580; ; ; ; ; ; ; ; ; ; ; ; ; ; ; ; 
Ben Guidugli ; ; ; ; ; ; ;376000; ; ; ; ; ; ; ; ; ; ; 
Ben Hartsock; ; ; ; ;620000;1040000;960000;1200000;1275000; ; ; ; ; ; ; ; ; 
Ben Koyack;540000;450000; ; ; ; ; ; ; ; ; ; ; ; ; ; ; ; 
Ben Patrick; ; ; ; ; ; ; ;1684000;345000;386645;301645; ; ; ; ; ; ; 
Ben Utecht; ; ; ; ; ; ; ; ;2250000;2666666;435000;350000;312500;237500; ; ; ; 
Benjamin Watson;2250000;3000000;1900000;1684375;1650000;4996666;4536666;2466666;1620000;1495000;1270000;1170000;1070000;950000; ; ; ; 
Billy Bajema; ; ; ; ; ;605000;1018334;833333;653333;927000;444533;359533;239533; ; ; ; ; 
Billy Miller; ; ; ; ; ; ; ; ;1045000;955000;435000;425000; ;950000;709117;467000; ;275000
Blake Annen; ;348000; ;197647; ; ; ; ; ; ; ; ; ; ; ; ; ; 
Blake Bell;615000;651283;561283; ; ; ; ; ; ; ; ; ; ; ; ; ; ; 
Blake Jarwin;282396; ; ; ; ; ; ; ; ; ; ; ; ; ; ; ; ; 
Bo Scaife; ; ; ; ; ; ;1000000;4908000;4462000;1417000;462833;377833;257833; ; ; ; ; 
Brad Cottam; ; ; ; ; ; ; ;664667;579667;489667; ; ; ; ; ; ; ; 
Brad Herman; ; ; ; ; ;390833; ; ; ; ; ; ; ; ; ; ; ; 
Brad Smelley; ; ; ; ;84705;48750; ; ; ; ; ; ; ; ; ; ; ; 
Braedon Bowman; ;397050; ; ; ; ; ; ; ; ; ; ; ; ; ; ; ; 
Brandon Barden; ; ; ; ; ;390000; ; ; ; ; ; ; ; ; ; ; ; 
Brandon Bostick; ;600000; ;495000;391235; ; ; ; ; ; ; ; ; ; ; ; ; 
Brandon Manumaleuna; ; ; ; ; ; ; ;4505000;1700000;1600000;1750000;1350000;1550000;1200000;474000;385000;294000; 
Brandon Myers; ;1916668;1166666;2291666;1125000;587750;502750;417750;332750; ; ; ; ; ; ; ; ; 
Brandon Pettigrew; ; ;3800000;2200000;3470000;2336250;2002500;3854750;1335000; ; ; ; ; ; ; ; ; 
Brandon Williams;615000;675000;137647;495000;405000; ; ; ; ; ; ; ; ; ; ; ; ; 
Brent Celek;4000000;2000000;4800000;4075000;4531000;3787000;3023000;2545450;3725450;415450;330450; ; ; ; ; ; ; 
Brett Brackett; ; ; ;183882; ;22941; ; ; ; ; ; ; ; ; ; ; ; 
Brian Leonhardt; ; ;120000;420000; ; ; ; ; ; ; ; ; ; ; ; ; ; 
Brian Parker; ; ;435000; ; ; ; ; ; ; ; ; ; ; ; ; ; ; 
Brody Eldridge; ; ; ; ; ;540000;490700;360700; ; ; ; ; ; ; ; ; ; 
Bryan Fletcher; ; ; ; ; ; ; ; ; ; ;450300;365300;245300;73950;300000;68000; ; 
Bubba Franks; ; ; ; ; ; ; ; ; ; ;2400000;2585000;2050000;1469000;1384000;1309000;1232000;1127000
C.J. Fiedorowicz;6397826;860826;730826;595826; ; ; ; ; ; ; ; ; ; ; ; ; ; 
C.J. Uzomah;668190;578190;488190; ; ; ; ; ; ; ; ; ; ; ; ; ; ; 
Cameron Brate;690000;600000;450000;123529; ; ; ; ; ; ; ; ; ; ; ; ; ; 
Cameron Morrah; ; ; ; ; ;625137;535137;405137;320137; ; ; ; ; ; ; ; ; 
Cethan Carter;468333; ; ; ; ; ; ; ; ; ; ; ; ; ; ; ; ; 
Charles Clay;9000000;6000000;5000000;1459000;583000;493000;403000; ; ; ; ; ; ; ; ; ; ; 
Chase Coffman; ; ;131470;469411;630000;540000;480000;395000;465500; ; ; ; ; ; ; ; ; 
Chase Ford; ; ;240882;407647;214411; ; ; ; ; ; ; ; ; ; ; ; ; 
Chris Baker; ; ; ; ; ; ; ;2750000;2000000; ;1966500;1250000;664000;525000;445000;370000; ; 
Chris Cooley; ; ; ; ; ;464063;6133333;4758333;3053333;3028333;1173750;588750;468750;393750; ; ; ; 
Chris Gragg;418000;689793;599793;509793;419793; ; ; ; ; ; ; ; ; ; ; ; ; 
Chris Manhertz;540000;291170; ; ; ; ; ; ; ; ; ; ; ; ; ; ; ; 
Chris Pantale; ; ; ;145588;119117; ; ; ; ; ; ; ; ; ; ; ; ; 
Clay Harbor;615000;676764;1500000;1500000;630000;653225;518225;433225; ; ; ; ; ; ; ; ; ; 
Clive Walford;909272;781126;633626; ; ; ; ; ; ; ; ; ; ; ; ; ; ; 
Coby Fleener;7500000;2400000;1699615;1456813;1214011;971209; ; ; ; ; ; ; ; ; ; ; ; 
Cole Hikutini;328235; ; ; ; ; ; ; ; ; ; ; ; ; ; ; ; ; 
Cole Wick; ;453333; ; ; ; ; ; ; ; ; ; ; ; ; ; ; ; 
Colin Cloherty; ; ; ; ; ; ;88235; ; ; ; ; ; ; ; ; ; ; 
Colin Cochart; ; ; ; ; ; ;375000; ; ; ; ; ; ; ; ; ; ; 
Cooper Helfet; ; ;510000;420000; ; ; ; ; ; ; ; ; ; ; ; ; ; 
Cornelius Ingram; ; ; ; ; ; ; ;365970;355970; ; ; ; ; ; ; ; ; 
Courtney Anderson; ; ; ; ; ; ; ; ; ;605000;1460000;884000;314000;239000; ; ; ; 
Craig Stevens; ; ;2270000;2693750;3500000;2000000;774250;644250;559250;469250; ; ; ; ; ; ; ; 
D.J. Tialavea; ;52940;25588; ; ; ; ; ; ; ; ; ; ; ; ; ; ; 
D.J. Williams; ; ; ; ;97941;514500;424500; ; ; ; ; ; ; ; ; ; ; 
Dallas Clark; ; ; ; ;620000;2700000;7723333;7823333;7366190;3026190;1137857;1190857;1151857;1050857;1507857; ; ; 
Dan Campbell; ; ; ; ; ; ; ; ;245000;2315000;2015000;1515000;1757000;1557000;1020000;563000;522334;408333
Dan Gronkowski; ; ; ; ; ;540000;405000;403667;318667; ; ; ; ; ; ; ; ; 
Daniel Brown;615000;308820;153529; ; ; ; ; ; ; ; ; ; ; ; ; ; ; 
Daniel Fells; ; ;665000;570000; ;1333333; ; ;460000;310000; ;275500; ; ; ; ; ; 
Daniel Graham; ; ; ; ; ;469688;2416667;7750000;6650000;4150000;2800000;1563750;1428750;1378750;1328750;585000; ; 
Daniel Hardy; ; ; ; ; ; ;375000; ; ; ; ; ; ; ; ; ; ; 
Danny Noble; ; ; ; ;225882;390000; ; ; ; ; ; ; ; ; ; ; ; 
Dante Rosario; ; ; ;570000;620000;540000;525000;1143750;502750;412750;327750; ; ; ; ; ; ; 
Darrell Daniels;468333; ; ; ; ; ; ; ; ; ; ; ; ; ; ; ; ; 
Darren Fells;975000;600000;510000;420000; ; ; ; ; ; ; ; ; ; ; ; ; ; 
Darren Waller;641183;427654;392359; ; ; ; ; ; ; ; ; ; ; ; ; ; ; 
David Ausberry; ; ; ;656475;566475;476475;386475; ; ; ; ; ; ; ; ; ; ; 
David Johnson; ;600000;860000;840000;665000;630000;536066;406066;321066; ; ; ; ; ; ; ; ; 
David Martin; ; ; ; ; ; ; ;810000; ; ; ;710000;665000;628000;404834;315833;224833; 
David Morgan;573864;483864; ; ; ; ; ; ; ; ; ; ; ; ; ; ; ; 
David Njoku;1731835; ; ; ; ; ; ; ; ; ; ; ; ; ; ; ; ; 
David Paulson; ; ; ; ;491474;401474; ; ; ; ; ; ; ; ; ; ; ; 
David Thomas; ; ; ; ; ;1800000;1500000; ;551018;461018;376018;291018; ; ; ; ; ; 
Davon Drew; ; ; ; ; ; ; ;37647; ; ; ; ; ; ; ; ; ; 
Dedrick Epps; ; ; ; ; ;465000;405000; ; ; ; ; ; ; ; ; ; ; 
Delanie Walker;5317708;6267708;5275000;4000000;2950000;1905000;1610000;2125000;920500;830500;385500;300500; ; ; ; ; ; 
DeMarco Cosby; ; ; ; ; ;390000; ; ; ; ; ; ; ; ; ; ; ; 
Demetrius Harris;1550000;950000;510000;371824; ; ; ; ; ; ; ; ; ; ; ; ; ; 
Dennis Pitta; ;3200000;6200000;3200000;2023000;663667;573667;443667; ; ; ; ; ; ; ; ; ; 
Derek Carrier;1000000;900000;585000;495000;166765; ; ; ; ; ; ; ; ; ; ; ; ; 
Derek Fine; ; ; ; ; ; ; ; ;484500;394500; ; ; ; ; ; ; ; 
Derek Schouman; ; ; ; ; ; ;685000;421000;57500;370000;160312; ; ; ; ; ; ; 
Dillon Gordon; ;453333; ; ; ; ; ; ; ; ; ; ; ; ; ; ; ; 
Dion Sims;5333333;1787888;701888;611888;521888; ; ; ; ; ; ; ; ; ; ; ; ; 
Dominique Jones; ;516178; ;67059;480000; ; ; ; ; ; ; ; ; ; ; ; ; 
Donald Lee; ; ; ; ; ; ;850000;2750000;2550000;2350000;595000;533250;413250;338250;258250; ; ; 
Dorin Dickerson; ; ;660000; ;195882;465000; ;333403; ; ; ; ; ; ; ; ; ; 
Dustin Keller; ; ; ; ;4250000;3989375;1864375;1956875;1499375;1190000; ; ; ; ; ; ; ; 
Dwayne Allen;4937500;8906250;1717826;835826;702826;565826; ; ; ; ; ; ; ; ; ; ; ; 
E.J. Bibbs; ; ;435000; ; ; ; ; ; ; ; ; ; ; ; ; ; ; 
Ed Dickson;2716668;2566666;1516666;635000;1323000;760833;670833;540833; ; ; ; ; ; ; ; ; ; 
Emanuel Byrd;27353; ; ; ; ; ; ; ; ; ; ; ; ; ; ; ; ; 
Emil Igwenagu; ; ; ; ; ;68823; ; ; ; ; ; ; ; ; ; ; ; 
Eric Ebron;3897455;3340676;2783898;2227118; ; ; ; ; ; ; ; ; ; ; ; ; ; 
Eric Green; ; ; ; ; ; ; ; ; ; ; ; ; ; ; ; ; ;750000
Eric Saubert;521847; ; ; ; ; ; ; ; ; ; ; ; ; ; ; ; ; 
Eric Tomlinson;540000;238230; ; ; ; ; ; ; ; ; ; ; ; ; ; ; ; 
Erik Swoope;540000;450000;25588; ; ; ; ; ; ; ; ; ; ; ; ; ; ; 
Evan Engram;1948782; ; ; ; ; ; ; ; ; ; ; ; ; ; ; ; ; 
Evan Moore; ; ; ; ; ;700000;2800000; ; ; ; ; ; ; ; ; ; ; 
Fendi Onobun; ; ; ;333000; ; ;405000;352250; ; ; ; ; ; ; ; ; ; 
Fred Davis; ; ; ; ;2500000;5446000;945500;815500;1160500;640500; ; ; ; ; ; ; ; 
Gabe Holmes;95294;525000;204705; ; ; ; ; ; ; ; ; ; ; ; ; ; ; 
Gabe Miller; ; ; ;98823; ; ;424625; ; ; ; ; ; ; ; ; ; ; 
Garrett Celek;2575000;1915625;710000;572000;482000;392000; ; ; ; ; ; ; ; ; ; ; ; 
Garrett Graham; ; ;3921875;3203125;750025;660025;570025;440025; ; ; ; ; ; ; ; ; ; 
Garrett Griffin;136765; ; ; ; ; ; ; ; ; ; ; ; ; ; ; ; ; 
Garrett Mills; ; ; ; ; ; ; ;630000;535000;445000;360000;390625; ; ; ; ; ; 
Gary Barnidge; ;2562500;2012500;1150000;750000;665000;605000;517312;432312;342312; ; ; ; ; ; ; ; 
Gavin Escobar; ;1339703;1148317;956930;765544; ; ; ; ; ; ; ; ; ; ; ; ; 
Geoff Swaim;628683;538683;448683; ; ; ; ; ; ; ; ; ; ; ; ; ; ; 
George Kittle;539571; ; ; ; ; ; ; ; ; ; ; ; ; ; ; ; ; 
Gerald Christian; ;132350;331195; ; ; ; ; ; ; ; ; ; ; ; ; ; ; 
Gerald Everett;1098994; ; ; ; ; ; ; ; ; ; ; ; ; ; ; ; ; 
Gijon Robinson; ; ; ; ; ; ; ;470000;385000;295000; ; ; ; ; ; ; ; 
Greg Olsen;12100000;5100000;6300000;7800000;3300000;2400000;1200000;1626250;1496250;1306250;1055000; ; ; ; ; ; ; 
Hakeem Valles;31765;344117; ; ; ; ; ; ; ; ; ; ; ; ; ; ; ; 
Hayden Smith; ; ; ; ; ;277537; ; ; ; ; ; ; ; ; ; ; ; 
Heath Miller; ; ;4151666;6133166;6458500;7070500;3796500;4698000;4672500;2070000;1730000;1585500;1442000; ; ; ; ; 
Henry Krieger-Coble; ;52940; ; ; ; ; ; ; ; ; ; ; ; ; ; ; ; 
Hunter Henry;1450069;1160055; ; ; ; ; ; ; ; ; ; ; ; ; ; ; ; 
Ifeanyi Momah;467120;370580;318000; ; ; ; ; ; ; ; ; ; ; ; ; ; ; 
Isaiah Stanback; ; ; ; ; ;615000; ; ;460000;490625;405625; ; ; ; ; ; ; 
Jace Amaro; ;810272;975680;780544; ; ; ; ; ; ; ; ; ; ; ; ; ; 
Jack Doyle;8000000;1671000;585000;495000;405000; ; ; ; ; ; ; ; ; ; ; ; ; 
Jack Tabb; ; ;319000; ; ; ; ; ; ; ; ; ; ; ; ; ; ; 
Jacob Byrne; ; ; ; ;23824; ; ; ; ; ; ; ; ; ; ; ; ; 
Jacob Hollister;468333; ; ; ; ; ; ; ; ; ; ; ; ; ; ; ; ; 
Jacob Tamme; ;2584375;1387500;2200000;3125000;1500000;705393;575393;490393;400393; ; ; ; ; ; ; ; 
Jake Ballard; ; ; ; ;296470;540000;405000; ; ; ; ; ; ; ; ; ; ; 
Jake Butt;423234; ; ; ; ; ; ; ; ; ; ; ; ; ; ; ; ; 
Jake O'Connell; ; ; ; ; ;640000;536725;406725;321725; ; ; ; ; ; ; ; ; 
Jake Stoneburner; ; ;480000; ;405000; ; ; ; ; ; ; ; ; ; ; ; ; 
James Hanna;3000000;1750000;686213;596213;506213;416213; ; ; ; ; ; ; ; ; ; ; ; 
James O'Shaughnessy;615000;575563;428386; ; ; ; ; ; ; ; ; ; ; ; ; ; ; 
Jamie McCoy; ; ; ; ; ;390000; ; ; ; ; ; ; ; ; ; ; ; 
Jared Cook;5300000;2750000;8300441;6098677;4000000;790000;700000;570000;485000; ; ; ; ; ; ; ; ; 
Jason Pociask; ; ; ; ; ; ; ; ; ; ;402031;317031; ; ; ; ; ; 
Jason Rader; ; ; ; ; ; ; ; ;108235;282941; ;275000; ; ; ; ; ; 
Jason Vander Laan;164118; ; ; ; ; ; ; ; ; ; ; ; ; ; ; ; ; 
Jason Witten;12262000;5862000;6112000;8412000;4352000;8141000;8591000;5141000;4500000;3905000;2595000;1602000;547500;472500;392500; ; ; 
Jeff Cumberland;364705;443000;1900000;1900000;1323000;540667;405667;320667; ; ; ; ; ; ; ; ; ; 
Jeff Dugan; ; ; ; ; ; ; ;915000;865000;815000;715000;536250;316250;241250; ; ; ; 
Jeff Heuerman;785201;695201;473201; ; ; ; ; ; ; ; ; ; ; ; ; ; ; 
Jeff King; ; ; ; ;1883334;2333334;1333333;1759000;1545000;486006;401006;316006; ; ; ; ; ; 
Jerame Tuman; ; ; ; ; ; ; ; ; ;930000;1500000;1050000;2142500;927500;730000;563000;425000;311000
Jerell Adams;575713;485713; ; ; ; ; ; ; ; ; ; ; ; ; ; ; ; 
Jeremy Shockey; ; ; ; ; ; ;3812500;5525000;4725000;3925000;4898334;4053333;2621930;1516000;1405000;1194000; ; 
Jeremy Sprinkle;534125; ; ; ; ; ; ; ; ; ; ; ; ; ; ; ; ; 
Jermaine Gresham;3750000;3468750;3109375;4832000;2296750;2011500;1771250;1146000; ; ; ; ; ; ; ; ; ; 
Jermichael Finley; ; ; ; ;8750000;2250000;1363250;633250;548250;458250; ; ; ; ; ; ; ; 
Jerome Cunningham; ; ;230294;49411; ; ; ; ; ; ; ; ; ; ; ; ; ; 
Je'Ron Hamm; ; ;25588; ; ; ; ; ; ; ; ; ; ; ; ; ; ; 
Jeron Mastrud; ; ; ; ;630000;540000;450000;282352; ; ; ; ; ; ; ; ; ; 
Jesse James;667228;577228;487228; ; ; ; ; ; ; ; ; ; ; ; ; ; ; 
Jim Dray; ;89411;1900000;1650000;642250;552250;462250;332250; ; ; ; ; ; ; ; ; ; 
Jimmy Graham;10000000;9000000;8000000;4000000;1489285;706285;571285;486285; ; ; ; ; ; ; ; ; ; 
Joe Klopfenstein; ; ; ; ; ; ; ; ;468125;770000;685000;1060000; ; ; ; ; ; 
Joe Sommers; ;333000; ; ; ; ; ; ; ; ; ; ; ; ; ; ; ; 
Joel Dreessen; ; ; ; ;3666666;1666666;1225000;1075000;915000;445000; ; ; ; ; ; ; ; 
Joey Haynos; ; ; ; ; ; ; ;470000; ; ; ; ; ; ; ; ; ; 
John Bronson; ; ; ; ; ; ; ; ; ; ; ;98558;136500; ; ; ; ; 
John Carlson; ; ; ;1437500;2550000;4000000;1055500;956750;858000;770000; ; ; ; ; ; ; ; 
John Nalbone; ; ; ; ; ; ; ; ;353137; ; ; ; ; ; ; ; ; 
John Phillips; ;282352;585000;1841666;1316666;584562;424562;489562;329562; ; ; ; ; ; ; ; ; 
Jonathan Stupar; ; ; ; ; ; ; ;470000;339705;86764; ; ; ; ; ; ; ; 
Jonnu Smith;641572; ; ; ; ; ; ; ; ; ; ; ; ; ; ; ; ; 
Jordan Cameron; ;8000000;4562500;1550350;674350;584350;494350; ; ; ; ; ; ; ; ; ; ; 
Jordan Leggett;473565; ; ; ; ; ; ; ; ; ; ; ; ; ; ; ; ; 
Jordan Reed;5737500;3406028;742278;642278;542278; ; ; ; ; ; ; ; ; ; ; ; ; 
Jordan Thompson; ; ;318000; ; ; ; ; ; ; ; ; ; ; ; ; ; ; 
Joseph Fauria; ; ; ;499166;409166; ; ; ; ; ; ; ; ; ; ; ; ; 
Josh Baker; ; ; ; ; ; ;375000; ; ; ; ; ; ; ; ; ; ; 
Josh Hill;2595833;1583333;586668;496666;406666; ; ; ; ; ; ; ; ; ; ; ; ; 
Joshua Perkins; ;450833; ; ; ; ; ; ; ; ; ; ; ; ; ; ; ; 
Julius Thomas;5600000;7300000;10300000;741000;651000;561000;471000; ; ; ; ; ; ; ; ; ; ; 
Justice Cunningham; ; ; ;123529; ; ; ; ; ; ; ; ; ; ; ; ; ; 
Justin Peelle; ; ; ; ; ; ;2051667;1751667;1446667;445000;1600000;1000000;1430000;489166;409166;334166; ; 
Justin Perillo; ; ;360000;172941; ; ; ; ; ; ; ; ; ; ; ; ; ; 
Justin Snow; ; ; ; ; ; ;1060000;1010000;895000;880000;870000;607500;602500;597500;512500;375000;298000;193000
Keith Towbridge;350500; ; ; ; ; ; ; ; ; ; ; ; ; ; ; ; ; 
Keith Zinger; ; ; ; ; ; ; ; ;310000; ; ; ; ; ; ; ; ; 
Kellen Davis; ;680000;625000;100588;672941;2150000;973985;888985;803985;713985; ; ; ; ; ; ; ; 
Kellen Winslow; ; ; ; ;424412; ;8290000;6875000;5320000;6305539;4540834;3190834;3645000;1950000; ; ; ; 
Ken Dilger; ; ; ; ; ; ; ; ; ; ; ; ; ;685000;990000;3375000;1990000;1340000
Kennard Backman; ; ;457621; ; ; ; ; ; ; ; ; ; ; ; ; ; ; 
Kevin Boss; ; ; ; ; ;1333333;3750000;1393340;503340;413340;328340; ; ; ; ; ; ; 
Kevin Brock; ; ; ;436764; ; ;375000; ; ; ; ; ; ; ; ; ; ; 
Kevin Everett; ; ; ; ; ; ; ; ; ; ;585000;500000;380000; ; ; ; ; 
Khari Lee;615000; ;435000; ; ; ; ; ; ; ; ; ; ; ; ; ; ; 
Konrad Reuland; ; ;137647; ;417529;390000; ; ; ; ; ; ; ; ; ; ; ; 
Kory Sperry; ; ; ; ;715000;615000;525000;162647;145882; ; ; ; ; ; ; ; ; 
Kyle Adams; ; ; ; ;163235;466668;376668; ; ; ; ; ; ; ; ; ; ; 
Kyle Carter;82059; ; ; ; ; ; ; ; ; ; ; ; ; ; ; ; ; 
Kyle Miller; ; ; ; ; ;243750; ; ; ; ; ; ; ; ; ; ; ; 
Kyle Rudolph;6800000;7300000;6440625;2773134;1262687;1052239;841791; ; ; ; ; ; ; ; ; ; ; 
L.J. Smith; ; ; ; ; ; ; ; ;1500000;4522000;1174000;789000;634000;559000;479000; ; ; 
Ladarius Green; ;2437500;772725;682725;592725;502725; ; ; ; ; ; ; ; ; ; ; ; 
Lance Kendricks;1775000;4500000;5600000;1344614;1152555;960496;768437; ; ; ; ; ; ; ; ; ; ; 
Larry Donnell; ;1671000;585000;495000;405000; ; ; ; ; ; ; ; ; ; ; ; ; 
Lee Smith;1500000;2750000;3350000;688401;583934;479467;375000; ; ; ; ; ; ; ; ; ; ; 
Leonard Pope; ; ; ; ; ;540000;785000;630000;535000;637667;552667;467667; ; ; ; ; ; 
Levine Toilolo;2500000;1746146;660146;570146;480146; ; ; ; ; ; ; ; ; ; ; ; ; 
Logan Paulsen;364705;760000;2116668;2236666;996666;543333;453333;323333; ; ; ; ; ; ; ; ; ; 
Logan Thomas;752500;237500;152500;528023; ; ; ; ; ; ; ; ; ; ; ; ; ; 
Luke Stocker;244853;1600000;1500000;763172;673172;583172;493172; ; ; ; ; ; ; ; ; ; ; 
Luke Willson;1800000;1715633;629633;539633;449633; ; ; ; ; ; ; ; ; ; ; ; ; 
Marcedes Lewis;4250000;4000000;3850000;8250000;5750000;8750000;3850000;2080000;1437500;1485000;1237500;990000; ; ; ; ; ; 
Marcel Jensen; ; ;51176; ; ; ; ; ; ; ; ; ; ; ; ; ; ; 
Marcus Pollard; ; ; ; ; ; ; ; ; ;52352;860000;1731666;1531666;3109166;2171666;2185000;1435000;700000
MarQueis Gray;925000; ;403764;174705;405000; ; ; ; ; ; ; ; ; ; ; ; ; 
Martellus Bennett;738971;5185000;6125000;6025000;1940000;2500000;906668;821666;736666;500000; ; ; ; ; ; ; ; 
Martin Rucker; ; ; ; ; ;700000; ; ; ; ; ; ; ; ; ; ; ; 
Martrez Milner; ; ; ; ; ; ; ; ; ; ;381575; ; ; ; ; ; ; 
Mason Schreck;364067; ; ; ; ; ; ; ; ; ; ; ; ; ; ; ; ; 
Matt Kranchick; ; ; ; ; ; ; ; ; ; ; ; ;305000;250000; ; ; ; 
Matt LaCosse;82059;333000;51176; ; ; ; ; ; ; ; ; ; ; ; ; ; ; 
Matt Lengel;317647;238230; ; ; ; ; ; ; ; ; ; ; ; ; ; ; ; 
Matt Sherry; ; ; ; ; ; ; ; ;327500;217500; ; ; ; ; ; ; ; 
Matt Spaeth; ; ;1062500;1037500;962500;1708333;2333333;1101000;648063;558063;473063; ; ; ; ; ; ; 
Matt Veldman; ; ; ; ;23823;391666; ; ; ; ; ; ; ; ; ; ; ; 
Matthew Mulligan; ;468531; ;67508;672941;775000;480000;390000;310000; ; ; ; ; ; ; ; ; 
Maxx Williams;1105292;713676;736861; ; ; ; ; ; ; ; ; ; ; ; ; ; ; 
Michael  Merritt; ; ; ; ; ; ; ; ; ;305667; ; ; ; ; ; ; ; 
Michael Allan; ; ; ; ; ; ; ; ; ; ;35625; ; ; ; ; ; ; 
Michael Egnew; ; ; ; ;652239;537239; ; ; ; ; ; ; ; ; ; ; ; 
Michael Gaines; ; ; ; ; ; ; ; ;1000000;2000000;925000;434400;314400;239400; ; ; ; 
Michael Hoomanawanui;1933333;1233333;940074;1407500;630000;540000;503878;373878; ; ; ; ; ; ; ; ; ; 
Michael Matthews; ; ; ; ; ; ; ; ;460000;372500;287500; ; ; ; ; ; ; 
Michael Palmer; ; ; ;570000;630000;540000;405000;320000; ; ; ; ; ; ; ; ; ; 
Michael Roberts;615784; ; ; ; ; ; ; ; ; ; ; ; ; ; ; ; ; 
Michael Williams; ; ;435000; ;304287; ; ; ; ; ; ; ; ; ; ; ; ; 
Mickey Shuler; ; ; ; ; ; ;405000;320000; ; ; ; ; ; ; ; ; ; 
Miguel Chavis; ; ; ; ; ; ;376333; ; ; ; ; ; ; ; ; ; ; 
Mike Banks; ; ; ; ; ; ; ; ; ; ; ; ; ;12334;312333;237333; ; 
Mike Caussin; ; ; ; ;358000;540000;405000; ; ; ; ; ; ; ; ; ; ; 
Mike McNeill; ; ; ; ;555000;465000;377333; ; ; ; ; ; ; ; ; ; ; 
Mike Roberg; ; ; ; ; ; ; ; ; ; ; ; ; ; ; ;300000; ; 
Mitchell Loewen;466666;410371; ; ; ; ; ; ; ; ; ; ; ; ; ; ; ; 
Mychal Rivera;1750000;1697213;611213;521213;431213; ; ; ; ; ; ; ; ; ; ; ; ; 
MyCole Pruitt;144705;92647;492647; ; ; ; ; ; ; ; ; ; ; ; ; ; ; 
Nate Byham; ; ; ; ;373764;465000;431550;346550; ; ; ; ; ; ; ; ; ; 
Nathan Overbay; ; ; ; ; ;390000; ; ; ; ; ; ; ; ; ; ; ; 
Neal Sterling;361764;525000;281470; ; ; ; ; ; ; ; ; ; ; ; ; ; ; 
Nic Jacobs; ; ;510000;345882; ; ; ; ; ; ; ; ; ; ; ; ; ; 
Nick Boyle;656563;247960;364431; ; ; ; ; ; ; ; ; ; ; ; ; ; ; 
Nick Kasa; ; ; ;348150;435150; ; ; ; ; ; ; ; ; ; ; ; ; 
Nick O'Leary;615000;525000;102352; ; ; ; ; ; ; ; ; ; ; ; ; ; ; 
Nick Vannett;726220;614220; ; ; ; ; ; ; ; ; ; ; ; ; ; ; ; 
Niles Paul;2208334;1583333;1833333;690413;600413;510413;420413; ; ; ; ; ; ; ; ; ; ; 
O.J. Howard;2003438; ; ; ; ; ; ; ; ; ; ; ; ; ; ; ; ; 
Owen Daniels; ; ;2750000;1000000;5750000;5250000;4687500;3168000;2792000;537500;452500;367500; ; ; ; ; ; 
Patrick Estes; ; ; ; ; ; ; ; ; ; ;435000;359750;239750; ; ; ; ; 
Pharaoh Brown;54706; ; ; ; ; ; ; ; ; ; ; ; ; ; ; ; ; 
Phillip Supernaw;1200000;600000;510000;98823;23823; ; ; ; ; ; ; ; ; ; ; ; ; 
Quinn Sypniewski; ; ; ; ; ; ; ; ;1010000;479833;394833;309833; ; ; ; ; ; 
Randall Telfer;569384;479384;423090; ; ; ; ; ; ; ; ; ; ; ; ; ; ; 
Randy McMichael; ; ; ; ; ;1060000;525000;755000;4600000;3900000;2500000;1904000;877125;473125;393125;318125; ; 
Rashaun Allen; ; ;25588; ; ; ; ; ; ; ; ; ; ; ; ; ; ; 
Reggie Kelly; ; ; ; ; ; ;525000;1005000;3200000;3200000;2600000;1950000;1800000;1650000;1400000;738750;667500;596250
Rhett Ellison;2250000;1850625;1617146;645146;555146;465146; ; ; ; ; ; ; ; ; ; ; ; 
Richard Gordon; ; ;137647;151764;65294;491213;401213; ; ; ; ; ; ; ; ; ; ; 
Richard Quinn; ; ; ; ; ;615000;480000;627500;852500; ; ; ; ; ; ; ; ; 
Richard Rodgers;1923504;739004;649004;546504; ; ; ; ; ; ; ; ; ; ; ; ; ; 
Richie Brockel; ; ; ;755000;555000;540000;480000;231875; ; ; ; ; ; ; ; ; ; 
Ricky Seals-Jones;410294; ; ; ; ; ; ; ; ; ; ; ; ; ; ; ; ; 
Rico Gathers;364666; ; ; ; ; ; ; ; ; ; ; ; ; ; ; ; ; 
Rob Blanchflower; ; ;318000; ; ; ; ; ; ; ; ; ; ; ; ; ; ; 
Rob Gronkowski;6500000;6618750;8650000;5400000;2750000;2660000;1720000;760000; ; ; ; ; ; ; ; ; ; 
Rob Myers; ; ; ; ; ;480000; ; ; ; ; ; ; ; ; ; ; ; 
Robert Housler; ; ;175294;1602023;816023;681023;571023; ; ; ; ; ; ; ; ; ; ; 
Ronnie Shields; ;333000; ; ; ; ; ; ; ; ; ; ; ; ; ; ; ; 
Rory Anderson; ; ;331195; ; ; ; ; ; ; ; ; ; ; ; ; ; ; 
Ross Travis;158825;450000; ; ; ; ; ; ; ; ; ; ; ; ; ; ; ; 
Ryan Griffin;3500000;694670;381611;514670;424670; ; ; ; ; ; ; ; ; ; ; ; ; 
Ryan Malleck;54706; ; ; ; ; ; ; ; ; ; ; ; ; ; ; ; ; 
Ryan O'Malley;31765; ; ; ; ; ; ; ; ; ; ; ; ; ; ; ; ; 
Ryan Purvis; ; ; ; ; ; ; ;320000; ; ; ; ; ; ; ; ; ; 
Ryan Taylor; ; ; ; ;569794;479794;389794; ; ; ; ; ; ; ; ; ; ; 
Scott Chandler; ; ;2250000;1900000;2975000;2475000;1200000;395000; ;469625;384625; ; ; ; ; ; ; 
Scott Simonson;418000; ;330000;98823; ; ; ; ; ; ; ; ; ; ; ; ; ; 
Sean Culkin;469000; ; ; ; ; ; ; ; ; ; ; ; ; ; ; ; ; 
Sean McGrath;615000;525000;25588; ;405000;390000; ; ; ; ; ; ; ; ; ; ; ; 
Sean McHugh; ; ; ; ; ; ; ; ;750000;445000; ;425000;305000;230000; ; ; ; 
Seth Devalve;635848;545848; ; ; ; ; ; ; ; ; ; ; ; ; ; ; ; 
Shannon Sharpe; ; ; ; ; ; ; ; ; ; ; ; ; ;450000;2250000;1000000;2125000;1625000
Shaun Chapas; ; ; ; ; ;82059;375000; ; ; ; ; ; ; ; ; ; ; 
Shawn Nelson; ; ; ; ; ; ;595000;417058;425000; ; ; ; ; ; ; ; ; 
Stephen Anderson;541666;451666; ; ; ; ; ; ; ; ; ; ; ; ; ; ; ; 
Steve Bush; ; ; ; ; ; ; ; ; ; ; ; ;455000;133823;768333;563333; ; 
Steve Maneri; ; ; ; ; ;540000;450000;320000; ; ; ; ; ; ; ; ; ; 
T.J. Williams; ; ; ; ; ; ; ; ; ; ; ;199500; ; ; ; ; ; 
Taylor Thompson; ; ; ;619500;529500;439500; ; ; ; ; ; ; ; ; ; ; ; 
Temarrick Hemingway;402896;489896; ; ; ; ; ; ; ; ; ; ; ; ; ; ; ; 
Tevin Westbrook; ; ;25588; ; ; ; ; ; ; ; ; ; ; ; ; ; ; 
Thomas Duarte;54706;238230; ; ; ; ; ; ; ; ; ; ; ; ; ; ; ; 
Tim Euhus; ; ; ; ; ; ; ; ; ; ; ;385000;412166;242166; ; ; ; 
Tim Massaquoi; ; ; ; ; ; ; ; ; ; ; ;275000; ; ; ; ; ; 
Tim Wright; ;771250;585000;495000;408333; ; ; ; ; ; ; ; ; ; ; ; ; 
Todd Heap; ; ; ; ; ;1034375;2125000;5967500;6367500;3497500;4900000;2760000;1800000;1352500;1225000;1097500;970000; 
Tom Crabtree; ; ; ; ;775000;540000;450000;320000; ; ; ; ; ; ; ; ; ; 
Tom Santi; ; ; ; ; ; ; ;470000;385000;316690; ; ; ; ; ; ; ; 
Tommy Gallarda; ; ; ; ; ;273000; ; ; ; ; ; ; ; ; ; ; ; 
Tony Gonzalez; ; ; ; ;5250000;5915625;8734375;6500000;4500000;5031373;4531371;5531371;4931371;3931371;2581371;1414705;1445000;1330000
Tony Moeaki; ; ;447352;303529;152941;661662;621662;491662; ; ; ; ; ; ; ; ; ; 
Tony Scheffler; ; ; ; ; ;2550000;2250000;1676000;783000;693000;769000;523000; ; ; ; ; ; 
Tory Humphrey; ; ; ; ; ; ; ;470000;460000;370000; ; ; ; ; ; ; ; 
Travis Beckum; ; ; ; ; ;768250;633250;548250;463250; ; ; ; ; ; ; ; ; 
Travis Kelce;5418400;2948226;853826;706826;580826; ; ; ; ; ; ; ; ; ; ; ; ; 
Trey Burton;2746000;602500;512500;422500; ; ; ; ; ; ; ; ; ; ; ; ; ; 
Troy Bienemann; ; ; ; ; ; ; ; ; ; ;285000; ; ; ; ; ; ; 
Troy Niklas;1280141;1097264;914386;731509; ; ; ; ; ; ; ; ; ; ; ; ; ; 
Tyler Ecker; ; ; ; ; ; ; ; ; ; ;299500; ; ; ; ; ; ; 
Tyler Eifert;4782000;2626909;2251637;1876364;1501091; ; ; ; ; ; ; ; ; ; ; ; ; 
Tyler Higbee;685215;595215; ; ; ; ; ; ; ; ; ; ; ; ; ; ; ; 
Tyler Kroft;799944;712444;596944; ; ; ; ; ; ; ; ; ; ; ; ; ; ; 
Tyrone Swoopes;27353; ; ; ; ; ; ; ; ; ; ; ; ; ; ; ; ; 
Vance McDonald;2175000;2545193;981594;817995;654396; ; ; ; ; ; ; ; ; ; ; ; ; 
Vaughn Charlton; ; ; ; ; ; ;376000; ; ; ; ; ; ; ; ; ; ; 
Vernon Davis;3333333;2381250;2477941;7367916;8739916;6876478;6974666;7880666;4780000;3340000;2800000;5835000; ; ; ; ; ; 
Virgil Green;3300000;2900000;2200000;661236;571236;481236;391236; ; ; ; ; ; ; ; ; ; ; 
Visanthe Shiancoe; ; ; ; ; ;600000;4200000;3700000;3200000;3200000;4200000; ;522667;447667;367667; ; ; 
Will Heller; ; ; ; ; ;605000;1383333;1383333;620000;950000;850000;500000; ; ; ; ; ; 
Will Tye; ;525000;358235; ; ; ; ; ; ; ; ; ; ; ; ; ; ; 
Xavier Grimble;540000;450000; ; ; ; ; ; ; ; ; ; ; ; ; ; ; ; 
Zach Ertz;3020000;3311563;1467054;1222545;978036; ; ; ; ; ; ; ; ; ; ; ; ; 
Zach Miller;2625000;2968750;660000;373000;11000000;7000000;552625;422625;337625;3133250;526250; ; ; ; ; ; ; 
Zach Potter; ; ; ; ; ;540000;450000;320000;310000; ; ; ; ; ; ; ; ; 
Zach Sudfeld; ; ;585000;495000;309705; ; ; ; ; ; ; ; ; ; ; ; ; 
Zack Pianalto; ; ; ; ; ; ;375000; ; ; ; ; ; ; ; ; ; ; 
