year,name,salary,team
2000,Emmitt Smith,"$4,872,000  ",dallas-cowboys
2000,Terrell Davis,"$2,596,190  ",denver-broncos
2000,Thomas Jones,"$669,000  ",arizona-cardinals
2000,Curtis Enis,"$1,995,000  ",chicago-bears
2000,Thurman Thomas,"$1,425,000  ",buffalo-bills
2000,John Avery,"$750,000  ",denver-broncos
2000,Sammy Morris,"$226,333  ",buffalo-bills
2000,Corey Dillon,"$3,000,000  ",cincinnati-bengals
2000,Jamal Anderson,"$3,600,000  ",atlanta-falcons
2000,Jamal Lewis,"$1,878,000  ",baltimore-ravens
2000,Preist Holmes,"$472,000  ",baltimore-ravens
2000,Barry Sanders,"$5,499,999  ",detroit-lions
2000,Ahman Green,"$358,000  ",green-bay-packers
2000,Edgerrin James,"$6,692,142  ",indianapolis-colts
2000,Fred Taylor,"$1,336,208  ",jacksonville-jaguars
2000,Ricky Williams,"$1,537,857  ",new-orleans-saints
2000,Terry Allen,"$440,000  ",new-orleans-saints
2000,Robert Edwards,"$1,145,000  ",new-england-patriots
2000,Ron Dayne,"$1,252,000  ",new-york-giants
2000,John Avery,"$867,000  ",miami-dolphins
2000,Terry Allen,"$50,000  ",new-england-patriots
2000,Tiki Barber,"$472,000  ",new-york-giants
2000,Thurman Thomas,"$690,000  ",miami-dolphins
2000,Curtis Martin,"$3,614,325  ",new-york-jets
2000,Harvey Williams,"$1,073,334  ",oakland-raiders
2000,Jerome Bettis,"$4,200,000  ",pittsburgh-steelers
2000,Dan Kreider,"$113,529  ",pittsburgh-steelers
2000,Dan Kreider,"$68,000  ",pittsburgh-steelers
2000,Dan Kreider,"$2,000  ",pittsburgh-steelers
2000,Garrison Hearst,"$1,050,000  ",san-francisco-49ers
2000,Shaun Alexander,"$968,000  ",seattle-seahawks
2000,Ahman Green,"$141,000  ",seattle-seahawks
2000,Warrick Dunn,"$1,534,751  ",tampa-bay-buccaneers
2000,Aaron Stecker,"$197,800  ",tampa-bay-buccaneers
2000,Eddie George,"$2,784,666  ",tennessee-titans
2000,Rodney Thomas,"$1,150,000  ",tennessee-titans
2000,Marshall Faulk,"$2,440,000  ",st.-louis-rams
2000,Trung Canidate,"$880,000  ",st.-louis-rams
2001,Jamal Anderson,"$5,300,000  ",atlanta-falcons
2001,Rodney Thomas,"$530,000  ",atlanta-falcons
2001,Travis Henry,"$454,000  ",buffalo-bills
2001,Jamal Lewis,"$1,692,400  ",baltimore-ravens
2001,Sammy Morris,"$331,333  ",buffalo-bills
2001,Terry Allen,"$477,000  ",baltimore-ravens
2001,Thomas Jones,"$745,500  ",arizona-cardinals
2001,Corey Dillon,"$4,500,000  ",cincinnati-bengals
2001,Emmitt Smith,"$5,650,000  ",dallas-cowboys
2001,Rudi Johnson,"$318,166  ",cincinnati-bengals
2001,Terrell Davis,"$3,478,690  ",denver-broncos
2001,John Avery,"$875,000  ",denver-broncos
2001,Lamont Warren,"$489,500  ",detroit-lions
2001,Ahman Green,"$1,418,000  ",green-bay-packers
2001,Fred Taylor,"$1,733,457  ",jacksonville-jaguars
2001,Edgerrin James,"$6,792,142  ",indianapolis-colts
2001,Preist Holmes,"$1,848,000  ",kansas-city-chiefs
2001,Dominic Rhodes,"$212,333  ",indianapolis-colts
2001,Robert Edwards,"$620,000  ",new-england-patriots
2001,Thurman Thomas,"$500,000  ",miami-dolphins
2001,Curtis Martin,"$8,539,125  ",new-york-jets
2001,Ricky Williams,"$1,651,857  ",new-orleans-saints
2001,Deuce McAllister,"$960,000  ",new-orleans-saints
2001,Correll Buckhalter,"$298,333  ",philadelphia-eagles
2001,Ron Dayne,"$1,363,000  ",new-york-giants
2001,Tiki Barber,"$1,083,333  ",new-york-giants
2001,Jerome Bettis,"$1,740,000  ",pittsburgh-steelers
2001,Dan Kreider,"$298,000  ",pittsburgh-steelers
2001,Dan Kreider,"$2,000  ",pittsburgh-steelers
2001,LaDainian Tomlinson,"$2,000,000  ",san-diego-chargers
2001,Garrison Hearst,"$1,527,000  ",san-francisco-49ers
2001,Eddie George,"$3,178,666  ",tennessee-titans
2001,Rodney Thomas,"$300,000  ",tennessee-titans
2001,Shaun Alexander,"$1,073,000  ",seattle-seahawks
2001,Warrick Dunn,"$1,661,668  ",tampa-bay-buccaneers
2001,Aaron Stecker,"$302,800  ",tampa-bay-buccaneers
2002,Thomas Jones,"$822,000  ",arizona-cardinals
2002,Damien Anderson,"$551,000  ",arizona-cardinals
2001,Marshall Faulk,"$4,800,000  ",st.-louis-rams
2002,Warrick Dunn,"$1,683,333  ",atlanta-falcons
2001,Trung Canidate,"$1,022,500  ",st.-louis-rams
2002,Jamal Anderson,"$1,500,000  ",atlanta-falcons
2002,T.J. Duckett,"$1,060,000  ",atlanta-falcons
2002,Travis Henry,"$545,000  ",buffalo-bills
2002,Corey Dillon,"$4,850,000  ",cincinnati-bengals
2002,Rodney Thomas,"$10,000  ",atlanta-falcons
2002,Sammy Morris,"$408,334  ",buffalo-bills
2002,Rudi Johnson,"$409,166  ",cincinnati-bengals
2002,Jamal Lewis,"$2,334,499  ",baltimore-ravens
2002,Chester Taylor,"$239,583  ",baltimore-ravens
2002,Jason McKie,"$71,043  ",baltimore-ravens
2002,William Green,"$1,290,000  ",cleveland-browns
2002,Jason McKie,$166  ,baltimore-ravens
2002,Terrell Davis,"$2,601,690  ",denver-broncos
2002,John Avery,"$1,000,000  ",denver-broncos
2002,Clinton Portis,"$547,500  ",denver-broncos
2002,Emmitt Smith,"$12,023,000  ",dallas-cowboys
2002,Jason McKie,"$52,941  ",dallas-cowboys
2002,Lamont Warren,"$675,000  ",detroit-lions
2002,Lamont Warren,"$12,500  ",detroit-lions
2002,Ahman Green,"$2,400,000  ",green-bay-packers
2002,Edgerrin James,"$3,660,892  ",indianapolis-colts
2002,Dominic Rhodes,"$303,333  ",indianapolis-colts
2002,James Mungro,"$227,000  ",indianapolis-colts
2002,Ricky Williams,"$225,000  ",indianapolis-colts
2002,Fred Taylor,"$2,277,457  ",jacksonville-jaguars
2002,Preist Holmes,"$2,150,000  ",kansas-city-chiefs
2002,Ricky Williams,"$450,000  ",miami-dolphins
2002,Robert Edwards,"$300,000  ",miami-dolphins
2002,Robert Edwards,"$620,000  ",new-england-patriots
2002,Ricky Williams,"$1,262,857  ",new-orleans-saints
2002,Deuce McAllister,"$1,030,000  ",new-orleans-saints
2002,Curtis Martin,"$8,102,896  ",new-york-jets
2002,Correll Buckhalter,"$389,333  ",philadelphia-eagles
2002,Tiki Barber,"$2,103,333  ",new-york-giants
2002,Ron Dayne,"$1,428,000  ",new-york-giants
2002,Jerome Bettis,"$3,390,000  ",pittsburgh-steelers
2002,Verron Haynes,"$558,333  ",pittsburgh-steelers
2002,Dan Kreider,"$375,000  ",pittsburgh-steelers
2002,Garrison Hearst,"$1,150,000  ",san-francisco-49ers
2002,LaDainian Tomlinson,"$2,250,000  ",san-diego-chargers
2002,Eddie George,"$5,091,666  ",tennessee-titans
2002,Warrick Dunn,"$583,334  ",tampa-bay-buccaneers
2002,Shaun Alexander,"$1,350,000  ",seattle-seahawks
2002,Aaron Stecker,"$375,000  ",tampa-bay-buccaneers
2002,Maurice Morris,"$522,500  ",seattle-seahawks
2002,Marshall Faulk,"$3,927,857  ",st.-louis-rams
2002,Trung Canidate,"$1,140,000  ",st.-louis-rams
2002,Rock Cartwright,"$232,333  ",washington-redskins
2003,Jamal Lewis,"$6,070,367  ",baltimore-ravens
2003,Chester Taylor,"$314,583  ",baltimore-ravens
2003,Ovie Mughelli,"$304,333  ",baltimore-ravens
2003,Warrick Dunn,"$3,183,333  ",atlanta-falcons
2003,Emmitt Smith,"$3,750,000  ",arizona-cardinals
2003,Jason McKie,$334  ,baltimore-ravens
2003,Jamal Anderson,"$1,500,000  ",atlanta-falcons
2003,T.J. Duckett,"$840,000  ",atlanta-falcons
2003,Thomas Jones,"$363,000  ",arizona-cardinals
2003,Damien Anderson,"$155,000  ",arizona-cardinals
2003,Rodney Thomas,"$10,000  ",atlanta-falcons
2003,Willis McGahee,"$1,011,000  ",buffalo-bills
2003,Travis Henry,"$634,000  ",buffalo-bills
2003,Sammy Morris,"$605,000  ",buffalo-bills
2003,Corey Dillon,"$5,100,000  ",cincinnati-bengals
2003,Rudi Johnson,"$498,166  ",cincinnati-bengals
2003,Jason McKie,"$105,882  ",chicago-bears
2003,Jason McKie,"$73,950  ",chicago-bears
2003,William Green,"$1,386,666  ",cleveland-browns
2003,Emmitt Smith,"$3,523,000  ",dallas-cowboys
2003,Terrell Davis,"$2,251,690  ",denver-broncos
2003,Clinton Portis,"$622,500  ",denver-broncos
2003,Edgerrin James,"$3,767,558  ",indianapolis-colts
2003,Dominic Rhodes,"$392,334  ",indianapolis-colts
2003,James Mungro,"$302,000  ",indianapolis-colts
2003,Ahman Green,"$4,050,000  ",green-bay-packers
2003,Ricky Williams,"$300,000  ",indianapolis-colts
2003,Fred Taylor,"$3,877,458  ",jacksonville-jaguars
2003,Preist Holmes,"$1,235,714  ",kansas-city-chiefs
2003,Larry Johnson,"$924,857  ",kansas-city-chiefs
2003,Ricky Williams,"$2,630,000  ",miami-dolphins
2003,Ricky Williams,"$3,788,571  ",new-orleans-saints
2003,Deuce McAllister,"$1,110,000  ",new-orleans-saints
2003,Tiki Barber,"$3,603,333  ",new-york-giants
2003,Ron Dayne,"$1,516,000  ",new-york-giants
2003,Curtis Martin,"$4,787,346  ",new-york-jets
2003,Justin Fargas,"$365,000  ",oakland-raiders
2003,Correll Buckhalter,"$478,334  ",philadelphia-eagles
2003,Jerome Bettis,"$3,940,000  ",pittsburgh-steelers
2003,Verron Haynes,"$633,333  ",pittsburgh-steelers
2003,Dan Kreider,"$605,000  ",pittsburgh-steelers
2003,Shaun Alexander,"$1,425,000  ",seattle-seahawks
2003,Maurice Morris,"$597,500  ",seattle-seahawks
2003,Garrison Hearst,"$2,700,000  ",san-francisco-49ers
2003,LaDainian Tomlinson,"$3,000,000  ",san-diego-chargers
2003,Aaron Stecker,"$610,600  ",tampa-bay-buccaneers
2003,Thomas Jones,"$535,500  ",tampa-bay-buccaneers
2003,Eddie George,"$6,841,666  ",tennessee-titans
2003,Trung Canidate,"$847,500  ",washington-redskins
2003,Rock Cartwright,"$307,333  ",washington-redskins
2003,Marshall Faulk,"$2,182,857  ",st.-louis-rams
2003,Trung Canidate,"$410,000  ",st.-louis-rams
2004,Emmitt Smith,"$3,750,000  ",arizona-cardinals
2004,Warrick Dunn,"$3,983,333  ",atlanta-falcons
2004,Damien Anderson,"$310,000  ",arizona-cardinals
2004,T.J. Duckett,"$974,000  ",atlanta-falcons
2004,Quincy Wilson,"$73,950  ",atlanta-falcons
2004,Jason Wright,"$73,950  ",atlanta-falcons
2004,Jason Wright,"$40,588  ",atlanta-falcons
2004,Jamal Lewis,"$6,905,367  ",baltimore-ravens
2004,Travis Henry,"$6,205,000  ",buffalo-bills
2004,Quincy Wilson,"$11,333  ",atlanta-falcons
2004,Chester Taylor,"$394,583  ",baltimore-ravens
2004,Ovie Mughelli,"$384,333  ",baltimore-ravens
2004,Willis McGahee,"$1,213,750  ",buffalo-bills
2004,Luke Lawton,"$73,950  ",buffalo-bills
2004,Luke Lawton,"$3,750  ",buffalo-bills
2004,Casey Cramer,"$230,000  ",carolina-panthers
2004,Thomas Jones,"$1,725,000  ",chicago-bears
2004,Jason McKie,"$380,000  ",chicago-bears
2004,Corey Dillon,"$4,200,000  ",cincinnati-bengals
2004,Rudi Johnson,"$1,824,000  ",cincinnati-bengals
2004,Chris Perry,"$975,000  ",cincinnati-bengals
2004,Quincy Wilson,"$230,000  ",cincinnati-bengals
2004,William Green,"$1,466,666  ",cleveland-browns
2004,Adimchinobi Echemandu,"$149,000  ",cleveland-browns
2004,Kevin Jones,"$845,000  ",detroit-lions
2004,Terrell Davis,"$1,255,071  ",denver-broncos
2004,Clinton Portis,"$645,000  ",denver-broncos
2004,Garrison Hearst,"$455,000  ",denver-broncos
2004,Ahman Green,"$4,882,000  ",green-bay-packers
2004,Eddie George,"$2,200,000  ",dallas-cowboys
2004,Julius Jones,"$546,667  ",dallas-cowboys
2004,Lousaka Polite,"$73,950  ",dallas-cowboys
2004,Lousaka Polite,"$13,529  ",dallas-cowboys
2004,Lousaka Polite,"$5,833  ",dallas-cowboys
2004,Edgerrin James,"$7,412,558  ",indianapolis-colts
2004,Dominic Rhodes,"$628,000  ",indianapolis-colts
2004,James Mungro,"$382,000  ",indianapolis-colts
2004,Fred Taylor,"$3,576,248  ",jacksonville-jaguars
2004,Preist Holmes,"$2,708,214  ",kansas-city-chiefs
2004,Larry Johnson,"$1,037,857  ",kansas-city-chiefs
2004,Sammy Morris,"$635,000  ",miami-dolphins
2004,Mewelde Moore,"$328,500  ",minnesota-vikings
2004,Corey Dillon,"$1,205,000  ",new-england-patriots
2004,Tiki Barber,"$6,053,333  ",new-york-giants
2004,Ron Dayne,"$1,604,000  ",new-york-giants
2004,Derrick Ward,"$230,000  ",new-york-giants
2004,Deuce McAllister,"$1,180,000  ",new-orleans-saints
2004,Aaron Stecker,"$722,500  ",new-orleans-saints
2004,Curtis Martin,"$4,707,021  ",new-york-jets
2004,Derrick Ward,"$73,950  ",new-york-jets
2004,Derrick Ward,"$9,550  ",new-york-jets
2004,Justin Fargas,"$445,000  ",oakland-raiders
2004,Jerome Bettis,"$2,000,000  ",pittsburgh-steelers
2004,Dan Kreider,"$745,000  ",pittsburgh-steelers
2004,Verron Haynes,"$713,333  ",pittsburgh-steelers
2004,Garrison Hearst,"$2,000,000  ",san-francisco-49ers
2004,LaDainian Tomlinson,"$6,700,000  ",san-diego-chargers
2004,Correll Buckhalter,"$628,000  ",philadelphia-eagles
2004,Willie Parker,"$232,000  ",pittsburgh-steelers
2004,Jason Wright,"$5,000  ",san-francisco-49ers
2004,Michael Turner,"$268,333  ",san-diego-chargers
2004,Bruce Perry,"$238,375  ",philadelphia-eagles
2004,Casey Cramer,"$10,750  ",tampa-bay-buccaneers
2004,Shaun Alexander,"$4,225,000  ",seattle-seahawks
2004,Maurice Morris,"$677,500  ",seattle-seahawks
2004,Clinton Portis,"$3,725,833  ",washington-redskins
2004,Rock Cartwright,"$387,333  ",washington-redskins
2004,Marshall Faulk,"$7,527,857  ",st.-louis-rams
2004,Steven Jackson,"$1,070,000  ",st.-louis-rams
2004,Trung Canidate,"$410,000  ",st.-louis-rams
2004,Eddie George,"$2,591,666  ",tennessee-titans
2004,Casey Cramer,"$73,950  ",tennessee-titans
2005,Warrick Dunn,"$3,859,999  ",atlanta-falcons
2005,T.J. Duckett,"$1,083,000  ",atlanta-falcons
2005,DeAndra Cobb,"$148,823  ",atlanta-falcons
2005,J.J. Arrington,"$689,375  ",arizona-cardinals
2005,Willis McGahee,"$1,766,500  ",buffalo-bills
2005,Lionel Gates,"$241,333  ",buffalo-bills
2005,Jamal Lewis,"$5,592,367  ",baltimore-ravens
2005,Chester Taylor,"$3,000,000  ",baltimore-ravens
2005,Ovie Mughelli,"$459,333  ",baltimore-ravens
2005,Justin Green,"$270,500  ",baltimore-ravens
2005,Eric Shelton,"$570,000  ",carolina-panthers
2005,Casey Cramer,"$305,000  ",carolina-panthers
2005,Thomas Jones,"$2,725,000  ",chicago-bears
2005,Cedric Benson,"$2,470,000  ",chicago-bears
2005,Jason McKie,"$150,000  ",chicago-bears
2005,Rudi Johnson,"$6,250,000  ",cincinnati-bengals
2005,Chris Perry,"$1,107,500  ",cincinnati-bengals
2005,Julius Jones,"$621,667  ",dallas-cowboys
2005,Marion Barber,"$303,000  ",dallas-cowboys
2005,Lousaka Polite,"$230,000  ",dallas-cowboys
2005,Ron Dayne,"$565,000  ",denver-broncos
2005,William Green,"$1,641,666  ",cleveland-browns
2005,Ahman Green,"$5,625,000  ",green-bay-packers
2005,Jason Wright,"$81,176  ",cleveland-browns
2005,Ryan Grant,"$233,000  ",green-bay-packers
2005,Noah Herron,"$230,000  ",green-bay-packers
2005,Kevin Jones,"$996,250  ",detroit-lions
2005,Edgerrin James,"$9,081,000  ",indianapolis-colts
2005,Dominic Rhodes,"$1,750,000  ",indianapolis-colts
2005,James Mungro,"$656,000  ",indianapolis-colts
2005,Vernand Morency,"$419,000  ",houston-texans
2005,Fred Taylor,"$3,790,000  ",jacksonville-jaguars
2005,Alvin Pearman,"$331,166  ",jacksonville-jaguars
2005,Preist Holmes,"$4,963,214  ",kansas-city-chiefs
2005,Larry Johnson,"$1,150,857  ",kansas-city-chiefs
2005,Mewelde Moore,"$403,500  ",minnesota-vikings
2005,Ciatrick Fason,"$344,000  ",minnesota-vikings
2005,Adimchinobi Echemandu,"$305,000  ",minnesota-vikings
2005,Ronnie Brown,"$4,620,543  ",miami-dolphins
2005,Sammy Morris,"$700,000  ",miami-dolphins
2005,Ricky Williams,"$412,942  ",miami-dolphins
2005,Corey Dillon,"$2,145,000  ",new-england-patriots
2005,Deuce McAllister,"$2,660,000  ",new-orleans-saints
2005,Aaron Stecker,"$862,500  ",new-orleans-saints
2005,Tiki Barber,"$4,078,334  ",new-york-giants
2005,Brandon Jacobs,"$343,750  ",new-york-giants
2005,Derrick Ward,"$305,000  ",new-york-giants
2005,Jerome Bettis,"$2,600,000  ",pittsburgh-steelers
2005,Dan Kreider,"$985,000  ",pittsburgh-steelers
2005,Verron Haynes,"$656,000  ",pittsburgh-steelers
2005,Correll Buckhalter,"$675,000  ",philadelphia-eagles
2005,Willie Parker,"$307,000  ",pittsburgh-steelers
2005,Ryan Moats,"$407,000  ",philadelphia-eagles
2005,Curtis Martin,"$5,590,354  ",new-york-jets
2005,Justin Fargas,"$520,000  ",oakland-raiders
2005,Cedric Houston,"$253,687  ",new-york-jets
2005,LaDainian Tomlinson,"$8,100,000  ",san-diego-chargers
2005,Frank Gore,"$429,833  ",san-francisco-49ers
2005,Michael Turner,"$343,333  ",san-diego-chargers
2005,Darren Sproles,"$328,000  ",san-diego-chargers
2005,Shaun Alexander,"$6,323,000  ",seattle-seahawks
2005,Maurice Morris,"$742,500  ",seattle-seahawks
2005,Carnell Williams,"$2,327,000  ",tampa-bay-buccaneers
2005,Travis Henry,"$682,002  ",tennessee-titans
2005,Damien Nash,"$274,333  ",tennessee-titans
2005,Clinton Portis,"$2,385,833  ",washington-redskins
2005,Rock Cartwright,"$656,000  ",washington-redskins
2005,Nehemiah Broughton,"$244,083  ",washington-redskins
2005,Manuel White,"$241,250  ",washington-redskins
2005,Marshall Faulk,"$4,027,857  ",st.-louis-rams
2005,Steven Jackson,"$1,587,500  ",st.-louis-rams
2006,Edgerrin James,"$9,500,000  ",arizona-cardinals
2006,J.J. Arrington,"$809,375  ",arizona-cardinals
2006,Warrick Dunn,"$5,728,332  ",atlanta-falcons
2006,Jerious Norwood,"$437,000  ",atlanta-falcons
2006,Willis McGahee,"$1,719,250  ",buffalo-bills
2006,Jamal Lewis,"$2,666,667  ",baltimore-ravens
2006,Ovie Mughelli,"$721,600  ",baltimore-ravens
2006,Justin Green,"$390,500  ",baltimore-ravens
2006,P.J.  Daniels,"$368,667  ",baltimore-ravens
2006,Cory Ross,"$276,500  ",baltimore-ravens
2006,DeAngelo Williams,"$980,000  ",carolina-panthers
2006,Eric Shelton,"$651,666  ",carolina-panthers
2006,Jason Wright,"$435,000  ",cleveland-browns
2006,Jerome Harrison,"$318,500  ",cleveland-browns
2006,Justin Hamilton,"$288,500  ",cleveland-browns
2006,Thomas Jones,"$3,175,000  ",chicago-bears
2006,Cedric Benson,"$2,925,000  ",chicago-bears
2006,J.D. Runnels,"$296,250  ",chicago-bears
2006,Rudi Johnson,"$4,000,000  ",cincinnati-bengals
2006,Chris Perry,"$1,333,500  ",cincinnati-bengals
2006,Quincy Wilson,"$123,529  ",cincinnati-bengals
2006,Julius Jones,"$741,667  ",dallas-cowboys
2006,Marion Barber,"$423,000  ",dallas-cowboys
2006,Lousaka Polite,"$350,000  ",dallas-cowboys
2006,Kevin Jones,"$1,187,500  ",detroit-lions
2006,Brian Calhoun,"$463,250  ",detroit-lions
2006,Damien Nash,"$310,000  ",denver-broncos
2006,Ahman Green,"$2,350,000  ",green-bay-packers
2006,Dominic Rhodes,"$3,035,000  ",indianapolis-colts
2006,Noah Herron,"$850,000  ",green-bay-packers
2006,Vernand Morency,"$310,000  ",green-bay-packers
2006,Joseph Addai,"$440,000  ",indianapolis-colts
2006,James Mungro,"$425,000  ",indianapolis-colts
2006,Ron Dayne,"$600,000  ",houston-texans
2006,Fred Taylor,"$4,790,000  ",jacksonville-jaguars
2006,Wali Lundy,"$299,000  ",houston-texans
2006,Maurice Jones-Drew,"$730,000  ",jacksonville-jaguars
2006,Alvin Pearman,"$451,166  ",jacksonville-jaguars
2006,Preist Holmes,"$2,865,214  ",kansas-city-chiefs
2006,Larry Johnson,"$1,288,857  ",kansas-city-chiefs
2006,Chester Taylor,"$3,350,000  ",minnesota-vikings
2006,Mewelde Moore,"$523,500  ",minnesota-vikings
2006,Ciatrick Fason,"$464,000  ",minnesota-vikings
2006,Ronnie Brown,"$2,798,534  ",miami-dolphins
2006,Sammy Morris,"$425,000  ",miami-dolphins
2006,Corey Dillon,"$2,632,500  ",new-england-patriots
2006,Laurence Maroney,"$1,150,000  ",new-england-patriots
2006,Justin Fargas,"$640,000  ",oakland-raiders
2006,Curtis Martin,"$2,382,021  ",new-york-jets
2006,Adimchinobi Echemandu,"$425,000  ",oakland-raiders
2006,Leon Washington,"$382,312  ",new-york-jets
2006,Cedric Houston,"$333,687  ",new-york-jets
2006,Reggie Bush,"$6,200,000  ",new-orleans-saints
2006,Deuce McAllister,"$5,910,000  ",new-orleans-saints
2006,Aaron Stecker,"$1,187,500  ",new-orleans-saints
2006,Tiki Barber,"$6,328,334  ",new-york-giants
2006,Brandon Jacobs,"$463,750  ",new-york-giants
2006,Derrick Ward,"$425,000  ",new-york-giants
2006,Correll Buckhalter,"$725,000  ",philadelphia-eagles
2006,Ryan Grant,"$300,000  ",new-york-giants
2006,Ryan Moats,"$527,000  ",philadelphia-eagles
2006,Willie Parker,"$1,362,500  ",pittsburgh-steelers
2006,LaDainian Tomlinson,"$7,350,000  ",san-diego-chargers
2006,Dan Kreider,"$1,150,000  ",pittsburgh-steelers
2006,Verron Haynes,"$752,500  ",pittsburgh-steelers
2006,Michael Turner,"$463,333  ",san-diego-chargers
2006,Darren Sproles,"$293,000  ",san-diego-chargers
2006,Frank Gore,"$549,833  ",san-francisco-49ers
2006,Carnell Williams,"$2,913,750  ",tampa-bay-buccaneers
2006,Shaun Alexander,"$5,925,000  ",seattle-seahawks
2006,Lendale White,"$1,100,000  ",tennessee-titans
2006,Maurice Morris,"$1,200,000  ",seattle-seahawks
2006,David Kirtman,"$275,000  ",seattle-seahawks
2006,Travis Henry,"$785,752  ",tennessee-titans
2006,Casey Cramer,"$425,000  ",tennessee-titans
2006,Quinton Ganther,"$275,000  ",tennessee-titans
2006,Quinton Ganther,"$9,258  ",tennessee-titans
2006,Clinton Portis,"$5,515,833  ",washington-redskins
2006,T.J. Duckett,"$663,000  ",washington-redskins
2006,Rock Cartwright,"$660,000  ",washington-redskins
2006,Nehemiah Broughton,"$41,176  ",washington-redskins
2006,Marshall Faulk,"$3,127,857  ",st.-louis-rams
2006,Steven Jackson,"$1,752,500  ",st.-louis-rams
2007,Edgerrin James,"$7,000,000  ",arizona-cardinals
2007,Warrick Dunn,"$8,473,331  ",atlanta-falcons
2007,J.J. Arrington,"$894,375  ",arizona-cardinals
2007,Tim Castille,"$286,500  ",arizona-cardinals
2007,Ovie Mughelli,"$1,500,000  ",atlanta-falcons
2007,Jerious Norwood,"$546,167  ",atlanta-falcons
2007,Jason Snelling,"$117,352  ",atlanta-falcons
2007,Willis McGahee,"$2,845,000  ",baltimore-ravens
2007,Justin Green,"$475,500  ",baltimore-ravens
2007,P.J.  Daniels,"$453,667  ",baltimore-ravens
2007,Cory Ross,"$338,823  ",baltimore-ravens
2007,Cedric Benson,"$3,195,000  ",chicago-bears
2007,Garrett Wolfe,"$440,625  ",chicago-bears
2007,Lousaka Polite,"$435,000  ",chicago-bears
2007,J.D. Runnels,"$205,000  ",chicago-bears
2007,DeAngelo Williams,"$1,225,000  ",carolina-panthers
2007,Marshawn Lynch,"$3,279,875  ",buffalo-bills
2007,Dwayne Wright,"$400,250  ",buffalo-bills
2007,Fred Jackson,"$285,000  ",buffalo-bills
2007,Rudi Johnson,"$4,750,000  ",cincinnati-bengals
2007,Chris Perry,"$1,419,500  ",cincinnati-bengals
2007,Kenny Irons,"$605,000  ",cincinnati-bengals
2007,Jamal Lewis,"$3,500,000  ",cleveland-browns
2007,Quincy Wilson,"$25,588  ",cincinnati-bengals
2007,Jason Wright,"$542,500  ",cleveland-browns
2007,Jerome Harrison,"$403,500  ",cleveland-browns
2007,Brandon Jackson,"$475,000  ",green-bay-packers
2007,Charles Ali,"$287,000  ",cleveland-browns
2007,Travis Henry,"$1,895,000  ",denver-broncos
2007,Noah Herron,"$435,000  ",green-bay-packers
2007,Vernand Morency,"$385,000  ",green-bay-packers
2007,T.J. Duckett,"$1,600,000  ",detroit-lions
2007,Julius Jones,"$1,460,001  ",dallas-cowboys
2007,Ryan Grant,"$310,000  ",green-bay-packers
2007,Korey Hall,"$308,612  ",green-bay-packers
2007,Kevin Jones,"$1,491,250  ",detroit-lions
2007,Brian Calhoun,"$548,250  ",detroit-lions
2007,Ahman Green,"$4,250,000  ",houston-texans
2007,Marion Barber,"$508,000  ",dallas-cowboys
2007,Deon Anderson,"$308,062  ",dallas-cowboys
2007,DeShawn Wynn,"$297,726  ",green-bay-packers
2007,Ron Dayne,"$1,300,000  ",houston-texans
2007,Joseph Addai,"$2,018,750  ",indianapolis-colts
2007,Luke Lawton,"$360,000  ",indianapolis-colts
2007,Kenton Keith,"$286,333  ",indianapolis-colts
2007,Fred Taylor,"$6,600,000  ",jacksonville-jaguars
2007,Maurice Jones-Drew,"$600,000  ",jacksonville-jaguars
2007,Preist Holmes,"$5,148,214  ",kansas-city-chiefs
2007,Larry Johnson,"$3,306,190  ",kansas-city-chiefs
2007,Kolby Smith,"$329,291  ",kansas-city-chiefs
2007,Adrian Peterson,"$4,490,000  ",minnesota-vikings
2007,Chester Taylor,"$3,150,000  ",minnesota-vikings
2007,Mewelde Moore,"$608,500  ",minnesota-vikings
2007,Ronnie Brown,"$3,432,667  ",miami-dolphins
2007,Sammy Morris,"$2,125,000  ",new-england-patriots
2007,Lorenzo Booker,"$393,750  ",miami-dolphins
2007,Reagan Maui'a,"$310,437  ",miami-dolphins
2007,Laurence Maroney,"$1,437,500  ",new-england-patriots
2007,Ricky Williams,"$210,000  ",miami-dolphins
2007,Deuce McAllister,"$5,900,000  ",new-orleans-saints
2007,Reggie Bush,"$3,675,000  ",new-orleans-saints
2007,Aaron Stecker,"$1,437,500  ",new-orleans-saints
2007,Pierre Thomas,"$286,667  ",new-orleans-saints
2007,Derrick Ward,"$850,000  ",new-york-giants
2007,Brandon Jacobs,"$548,750  ",new-york-giants
2007,Ryan Grant,"$335,000  ",new-york-giants
2007,Dominic Rhodes,"$2,000,000  ",oakland-raiders
2007,Ahmad Bradshaw,"$294,181  ",new-york-giants
2007,Justin Fargas,"$940,000  ",oakland-raiders
2007,Michael Bush,"$410,000  ",oakland-raiders
2007,Thomas Jones,"$4,500,000  ",new-york-jets
2007,Correll Buckhalter,"$1,200,000  ",philadelphia-eagles
2007,Leon Washington,"$467,312  ",new-york-jets
2007,Cedric Houston,"$408,687  ",new-york-jets
2007,Ryan Moats,"$612,000  ",philadelphia-eagles
2007,Tony Hunt,"$442,500  ",philadelphia-eagles
2007,Willie Parker,"$3,612,500  ",pittsburgh-steelers
2007,Dan Kreider,"$1,160,000  ",pittsburgh-steelers
2007,Verron Haynes,"$35,000  ",pittsburgh-steelers
2007,LaDainian Tomlinson,"$7,100,000  ",san-diego-chargers
2007,Michael Turner,"$2,350,000  ",san-diego-chargers
2007,Darren Sproles,"$483,000  ",san-diego-chargers
2007,Frank Gore,"$2,867,833  ",san-francisco-49ers
2007,Shaun Alexander,"$5,700,000  ",seattle-seahawks
2007,Maurice Morris,"$1,250,000  ",seattle-seahawks
2007,Alvin Pearman,"$435,000  ",seattle-seahawks
2007,David Kirtman,"$360,000  ",seattle-seahawks
2007,Lendale White,"$685,000  ",tennessee-titans
2007,Chris Henry,"$592,500  ",tennessee-titans
2007,Casey Cramer,"$510,000  ",tennessee-titans
2007,Carnell Williams,"$3,350,500  ",tampa-bay-buccaneers
2007,Quinton Ganther,"$360,000  ",tennessee-titans
2007,Quinton Ganther,"$18,516  ",tennessee-titans
2007,Kenneth Darby,"$1,178,088  ",tampa-bay-buccaneers
2007,Clinton Portis,"$4,106,833  ",washington-redskins
2007,Rock Cartwright,"$675,000  ",washington-redskins
2007,Nehemiah Broughton,"$435,000  ",washington-redskins
2007,Steven Jackson,"$1,212,500  ",st.-louis-rams
2007,Antonio Pittman,"$285,000  ",st.-louis-rams
2008,Michael Turner,"$3,500,000  ",atlanta-falcons
2008,Ovie Mughelli,"$2,500,000  ",atlanta-falcons
2008,Jerious Norwood,"$631,167  ",atlanta-falcons
2008,Willis McGahee,"$3,105,000  ",baltimore-ravens
2008,Jason Snelling,"$370,000  ",atlanta-falcons
2008,Thomas Brown,"$322,125  ",atlanta-falcons
2008,Ray Rice,"$570,000  ",baltimore-ravens
2008,P.J.  Daniels,"$538,667  ",baltimore-ravens
2008,Edgerrin James,"$6,750,000  ",arizona-cardinals
2008,Cory Ross,"$26,176  ",baltimore-ravens
2008,J.J. Arrington,"$979,375  ",arizona-cardinals
2008,Tim Castille,"$371,500  ",arizona-cardinals
2008,Tim Hightower,"$340,166  ",arizona-cardinals
2008,Chris Perry,"$1,574,500  ",cincinnati-bengals
2008,Cedric Benson,"$525,000  ",cincinnati-bengals
2008,Reagan Maui'a,"$370,000  ",cincinnati-bengals
2008,Marshawn Lynch,"$1,776,025  ",buffalo-bills
2008,Fred Jackson,"$370,000  ",buffalo-bills
2008,Jamal Lewis,"$6,500,000  ",cleveland-browns
2008,Jason Wright,"$939,500  ",cleveland-browns
2008,Allen Patrick,"$605,667  ",cleveland-browns
2008,DeAngelo Williams,"$2,245,000  ",carolina-panthers
2008,Jerome Harrison,"$488,500  ",cleveland-browns
2008,Charles Ali,"$370,000  ",cleveland-browns
2008,Jonathan Stewart,"$1,495,000  ",carolina-panthers
2008,Matt Forte,"$1,206,500  ",chicago-bears
2008,Garrett Wolfe,"$525,625  ",chicago-bears
2008,Kevin Jones,"$445,000  ",chicago-bears
2008,Spencer Larsen,"$319,381  ",denver-broncos
2008,Peyton Hillis,"$307,450  ",denver-broncos
2008,Anthony Alridge,"$206,667  ",denver-broncos
2008,Marion Barber,"$2,520,000  ",dallas-cowboys
2008,Felix Jones,"$1,009,500  ",dallas-cowboys
2008,Tashard Choice,"$404,750  ",dallas-cowboys
2008,Deon Anderson,"$393,062  ",dallas-cowboys
2008,Rudi Johnson,"$1,100,000  ",detroit-lions
2008,Kevin Jones,"$762,500  ",detroit-lions
2008,Brian Calhoun,"$633,250  ",detroit-lions
2008,Kevin Smith,"$511,630  ",detroit-lions
2008,Ryan Grant,"$4,400,000  ",green-bay-packers
2008,Brandon Jackson,"$560,000  ",green-bay-packers
2008,Korey Hall,"$393,612  ",green-bay-packers
2008,Ahman Green,"$4,650,000  ",houston-texans
2008,Steve Slaton,"$461,096  ",houston-texans
2008,Ryan Moats,"$445,000  ",houston-texans
2008,Joseph Addai,"$1,561,750  ",indianapolis-colts
2008,Dominic Rhodes,"$435,000  ",indianapolis-colts
2008,Mike Hart,"$313,767  ",indianapolis-colts
2008,Fred Taylor,"$5,000,000  ",jacksonville-jaguars
2008,Maurice Jones-Drew,"$685,000  ",jacksonville-jaguars
2008,Alvin Pearman,"$520,000  ",jacksonville-jaguars
2008,Chauncey Washington,"$309,935  ",jacksonville-jaguars
2008,Ronnie Brown,"$6,106,800  ",miami-dolphins
2008,Larry Johnson,"$5,759,131  ",kansas-city-chiefs
2008,Ricky Williams,"$730,000  ",miami-dolphins
2008,Lousaka Polite,"$570,000  ",miami-dolphins
2008,Jamaal Charles,"$495,000  ",kansas-city-chiefs
2008,Kolby Smith,"$414,291  ",kansas-city-chiefs
2008,Lorenzo Booker,"$478,750  ",miami-dolphins
2008,Jalen Parmele,"$295,000  ",miami-dolphins
2008,Chester Taylor,"$3,750,000  ",minnesota-vikings
2008,Derrick Ward,"$1,400,000  ",new-york-giants
2008,Adrian Peterson,"$2,425,000  ",minnesota-vikings
2008,Darius Reynaud,"$295,000  ",minnesota-vikings
2008,Brandon Jacobs,"$1,080,750  ",new-york-giants
2008,Ahmad Bradshaw,"$379,181  ",new-york-giants
2008,Reggie Bush,"$5,050,000  ",new-orleans-saints
2008,Sammy Morris,"$2,125,000  ",new-england-patriots
2008,Deuce McAllister,"$4,300,000  ",new-orleans-saints
2008,Aaron Stecker,"$1,300,000  ",new-orleans-saints
2008,Thomas Jones,"$5,600,000  ",new-york-jets
2008,Laurence Maroney,"$1,360,312  ",new-england-patriots
2008,BenJarvus Green-Ellis,"$302,280  ",new-england-patriots
2008,Pierre Thomas,"$371,667  ",new-orleans-saints
2008,Justin Green,"$927,000  ",new-york-jets
2008,Leon Washington,"$552,312  ",new-york-jets
2008,Jesse Chatman,"$445,000  ",new-york-jets
2008,Danny Woodhead,"$200,666  ",new-york-jets
2008,Correll Buckhalter,"$1,000,000  ",philadelphia-eagles
2008,Tony Hunt,"$138,750  ",philadelphia-eagles
2008,Willie Parker,"$4,087,500  ",pittsburgh-steelers
2008,Rashard Mendenhall,"$1,190,000  ",pittsburgh-steelers
2008,Mewelde Moore,"$1,100,000  ",pittsburgh-steelers
2008,Darren McFadden,"$2,625,000  ",oakland-raiders
2008,Justin Fargas,"$2,403,333  ",oakland-raiders
2008,Luke Lawton,"$445,000  ",oakland-raiders
2008,Michael Bush,"$420,000  ",oakland-raiders
2008,LaDainian Tomlinson,"$7,850,000  ",san-diego-chargers
2008,Darren Sproles,"$1,198,000  ",san-diego-chargers
2008,Jacob Hester,"$503,462  ",san-diego-chargers
2008,Marcus Thomas,"$295,000  ",san-diego-chargers
2008,Frank Gore,"$4,795,000  ",san-francisco-49ers
2008,Thomas Clayton,"$52,058  ",san-francisco-49ers
2008,Julius Jones,"$1,800,000  ",seattle-seahawks
2008,Maurice Morris,"$1,300,000  ",seattle-seahawks
2008,T.J. Duckett,"$1,055,000  ",seattle-seahawks
2008,Justin Forsett,"$306,500  ",seattle-seahawks
2008,Carnell Williams,"$4,137,250  ",tampa-bay-buccaneers
2008,Warrick Dunn,"$3,000,000  ",tampa-bay-buccaneers
2008,Chris Johnson,"$2,037,502  ",tennessee-titans
2008,Lendale White,"$870,000  ",tennessee-titans
2008,Chris Henry,"$659,412  ",tennessee-titans
2008,Casey Cramer,"$605,000  ",tennessee-titans
2008,Quinton Ganther,"$445,000  ",tennessee-titans
2008,Steven Jackson,"$4,531,500  ",st.-louis-rams
2008,Dan Kreider,"$445,000  ",st.-louis-rams
2008,Antonio Pittman,"$370,000  ",st.-louis-rams
2008,Clinton Portis,"$4,900,933  ",washington-redskins
2008,Rock Cartwright,"$780,000  ",washington-redskins
2008,Shaun Alexander,"$445,000  ",washington-redskins
2009,Beanie Wells,"$1,190,000  ",arizona-cardinals
2009,Jason Wright,"$900,000  ",arizona-cardinals
2009,Justin Green,"$535,000  ",arizona-cardinals
2009,Willis McGahee,"$3,120,000  ",baltimore-ravens
2009,Dan Kreider,"$460,000  ",arizona-cardinals
2009,Tim Hightower,"$430,166  ",arizona-cardinals
2009,Ray Rice,"$660,000  ",baltimore-ravens
2009,Cedric Peerman,"$570,000  ",baltimore-ravens
2009,LaRod Stephens-Howling,"$322,500  ",arizona-cardinals
2009,Marshawn Lynch,"$1,919,848  ",buffalo-bills
2009,Charles Ali,"$460,000  ",baltimore-ravens
2009,Matt Lawrence,"$310,000  ",baltimore-ravens
2009,Michael Turner,"$3,500,000  ",atlanta-falcons
2009,Fred Jackson,"$1,475,000  ",buffalo-bills
2009,Ovie Mughelli,"$3,250,000  ",atlanta-falcons
2009,Jerious Norwood,"$721,167  ",atlanta-falcons
2009,Jonathan Stewart,"$4,006,250  ",carolina-panthers
2009,Aaron Stecker,"$460,000  ",atlanta-falcons
2009,Jason Snelling,"$460,000  ",atlanta-falcons
2009,DeAngelo Williams,"$1,610,000  ",carolina-panthers
2009,Mike Goodson,"$320,500  ",carolina-panthers
2009,Verron Haynes,"$277,647  ",atlanta-falcons
2009,Antone Smith,"$88,400  ",atlanta-falcons
2009,Cedric Benson,"$3,000,000  ",cincinnati-bengals
2009,Kevin Jones,"$1,750,000  ",chicago-bears
2009,Larry Johnson,"$460,000  ",cincinnati-bengals
2009,Bernard Scott,"$329,377  ",cincinnati-bengals
2009,Matt Forte,"$768,333  ",chicago-bears
2009,Garrett Wolfe,"$615,625  ",chicago-bears
2009,Fui Vakapuna,"$325,419  ",cincinnati-bengals
2009,Felix Jones,"$1,445,750  ",dallas-cowboys
2009,Kahlil Bell,"$395,000  ",chicago-bears
2009,Jamal Lewis,"$6,243,750  ",cleveland-browns
2009,Marion Barber,"$693,000  ",dallas-cowboys
2009,Tashard Choice,"$494,750  ",dallas-cowboys
2009,Jerome Harrison,"$578,500  ",cleveland-browns
2009,James Davis,"$334,812  ",cleveland-browns
2009,Deon Anderson,"$483,062  ",dallas-cowboys
2009,Thomas Brown,"$310,000  ",cleveland-browns
2009,Knowshon Moreno,"$1,752,000  ",denver-broncos
2009,Correll Buckhalter,"$1,650,000  ",denver-broncos
2009,Spencer Larsen,"$409,381  ",denver-broncos
2009,Peyton Hillis,"$397,450  ",denver-broncos
2009,Maurice Morris,"$2,375,000  ",detroit-lions
2009,Kevin Smith,"$601,630  ",detroit-lions
2009,Ryan Grant,"$4,750,000  ",green-bay-packers
2009,Ahman Green,"$845,001  ",green-bay-packers
2009,Brandon Jackson,"$650,000  ",green-bay-packers
2009,Korey Hall,"$483,612  ",green-bay-packers
2009,DeShawn Wynn,"$172,500  ",green-bay-packers
2009,Steve Slaton,"$551,096  ",houston-texans
2009,Ryan Moats,"$535,000  ",houston-texans
2009,Arian Foster,"$335,000  ",houston-texans
2009,Joseph Addai,"$1,671,750  ",indianapolis-colts
2009,Donald Brown,"$1,170,000  ",indianapolis-colts
2009,Mike Hart,"$385,000  ",indianapolis-colts
2009,Jamaal Charles,"$585,000  ",kansas-city-chiefs
2009,Kolby Smith,"$504,291  ",kansas-city-chiefs
2009,Tim Castille,"$405,882  ",kansas-city-chiefs
2009,Dantrell Savage,"$395,000  ",kansas-city-chiefs
2009,Javarris Williams,"$310,000  ",kansas-city-chiefs
2009,Maurice Jones-Drew,"$6,290,000  ",jacksonville-jaguars
2009,Rashad Jennings,"$319,612  ",jacksonville-jaguars
2009,Brock Bolen,"$310,000  ",jacksonville-jaguars
2009,Chester Taylor,"$3,750,000  ",minnesota-vikings
2009,Adrian Peterson,"$2,810,000  ",minnesota-vikings
2009,Darius Reynaud,"$385,000  ",minnesota-vikings
2009,Ronnie Brown,"$6,056,933  ",miami-dolphins
2009,Ricky Williams,"$4,250,000  ",miami-dolphins
2009,Lousaka Polite,"$1,000,000  ",miami-dolphins
2009,Fred Taylor,"$2,275,000  ",new-england-patriots
2009,Lorenzo Booker,"$568,750  ",miami-dolphins
2009,Lex Hilliard,"$310,000  ",miami-dolphins
2009,Laurence Maroney,"$1,767,500  ",new-england-patriots
2009,Sammy Morris,"$1,375,000  ",new-england-patriots
2009,Kory Sheets,"$218,823  ",miami-dolphins
2009,Reggie Bush,"$10,585,000  ",new-orleans-saints
2009,BenJarvus Green-Ellis,"$392,280  ",new-england-patriots
2009,Pierre Thomas,"$461,667  ",new-orleans-saints
2009,Brandon Jacobs,"$5,500,000  ",new-york-giants
2009,Ahmad Bradshaw,"$469,181  ",new-york-giants
2009,D.J. Ware,"$460,000  ",new-york-giants
2009,Darren McFadden,"$4,658,000  ",oakland-raiders
2009,Andre Brown,"$417,500  ",new-york-giants
2009,Gartrell Johnson,"$291,764  ",new-york-giants
2009,Michael Bush,"$585,000  ",oakland-raiders
2009,Luke Lawton,"$409,117  ",oakland-raiders
2009,Thomas Jones,"$2,500,000  ",new-york-jets
2009,Leon Washington,"$642,312  ",new-york-jets
2009,Shonn Greene,"$536,250  ",new-york-jets
2009,Danny Woodhead,"$271,764  ",new-york-jets
2009,LeSean McCoy,"$867,530  ",philadelphia-eagles
2009,Willie Parker,"$4,537,500  ",pittsburgh-steelers
2009,Rashard Mendenhall,"$3,012,500  ",pittsburgh-steelers
2009,Mewelde Moore,"$1,925,000  ",pittsburgh-steelers
2009,Issac Redman,"$310,666  ",pittsburgh-steelers
2009,LaDainian Tomlinson,"$6,908,333  ",san-diego-chargers
2009,Darren Sproles,"$6,621,000  ",san-diego-chargers
2009,Jacob Hester,"$593,462  ",san-diego-chargers
2009,Marcus Thomas,"$385,000  ",san-diego-chargers
2009,Curtis Brinkley,"$313,000  ",san-diego-chargers
2009,Frank Gore,"$6,164,250  ",san-francisco-49ers
2009,Moran Norris,"$1,172,333  ",san-francisco-49ers
2009,Glen Coffee,"$517,061  ",san-francisco-49ers
2009,Julius Jones,"$3,050,000  ",seattle-seahawks
2009,Thomas Clayton,"$230,000  ",san-francisco-49ers
2009,Edgerrin James,"$1,718,750  ",seattle-seahawks
2009,Justin Forsett,"$396,500  ",seattle-seahawks
2009,Carnell Williams,"$4,074,000  ",tampa-bay-buccaneers
2009,Derrick Ward,"$3,750,000  ",tampa-bay-buccaneers
2009,Clinton Portis,"$5,040,933  ",washington-redskins
2009,Rock Cartwright,"$1,120,000  ",washington-redskins
2009,Anthony Alridge,"$116,250  ",washington-redskins
2009,Steven Jackson,"$7,779,000  ",st.-louis-rams
2009,Kenneth Darby,"$460,000  ",st.-louis-rams
2009,Chris Ogbonnaya,"$310,000  ",st.-louis-rams
2009,Chris Johnson,"$1,400,002  ",tennessee-titans
2009,Lendale White,"$960,000  ",tennessee-titans
2009,Casey Cramer,"$620,000  ",tennessee-titans
2009,Alvin Pearman,"$620,000  ",tennessee-titans
2009,Javon Ringer,"$346,635  ",tennessee-titans
2010,Beanie Wells,"$1,387,500  ",arizona-cardinals
2010,Jason Wright,"$1,100,000  ",arizona-cardinals
2010,Tim Hightower,"$515,166  ",arizona-cardinals
2010,Nehemiah Broughton,"$470,000  ",arizona-cardinals
2010,Reagan Maui'a,"$470,000  ",arizona-cardinals
2010,LaRod Stephens-Howling,"$407,500  ",arizona-cardinals
2010,Willis McGahee,"$6,100,000  ",baltimore-ravens
2010,Ray Rice,"$1,089,000  ",baltimore-ravens
2010,Matt Lawrence,"$395,000  ",baltimore-ravens
2010,Michael Turner,"$4,500,000  ",atlanta-falcons
2010,Ovie Mughelli,"$3,500,000  ",atlanta-falcons
2010,Jerious Norwood,"$1,759,000  ",atlanta-falcons
2010,Jason Snelling,"$1,684,000  ",atlanta-falcons
2010,Antone Smith,"$320,000  ",atlanta-falcons
2010,Chester Taylor,"$6,745,000  ",chicago-bears
2010,Matt Forte,"$853,333  ",chicago-bears
2010,Garrett Wolfe,"$705,625  ",chicago-bears
2010,Cedric Benson,"$3,500,000  ",cincinnati-bengals
2010,C.J. Spiller,"$2,123,333  ",buffalo-bills
2010,Bernard Scott,"$414,377  ",cincinnati-bengals
2010,Fui Vakapuna,"$410,419  ",cincinnati-bengals
2010,Fred Jackson,"$1,770,000  ",buffalo-bills
2010,DeAngelo Williams,"$3,065,000  ",carolina-panthers
2010,Cedric Peerman,"$385,000  ",cincinnati-bengals
2010,Jonathan Stewart,"$2,527,500  ",carolina-panthers
2010,Mike Goodson,"$415,500  ",carolina-panthers
2010,Montario Hardesty,"$570,000  ",cleveland-browns
2010,Peyton Hillis,"$470,000  ",cleveland-browns
2010,Marion Barber,"$7,933,000  ",dallas-cowboys
2010,Felix Jones,"$1,592,000  ",dallas-cowboys
2010,Tashard Choice,"$579,750  ",dallas-cowboys
2010,Lonyae Miller,"$94,117  ",dallas-cowboys
2010,Ryan Grant,"$5,765,625  ",green-bay-packers
2010,Brandon Jackson,"$1,120,000  ",green-bay-packers
2010,Korey Hall,"$578,612  ",green-bay-packers
2010,Knowshon Moreno,"$6,253,800  ",denver-broncos
2010,James Starks,"$345,075  ",green-bay-packers
2010,Dimitri Nance,"$301,176  ",green-bay-packers
2010,Correll Buckhalter,"$2,010,000  ",denver-broncos
2010,Justin Fargas,"$1,505,000  ",denver-broncos
2010,Ben Tate,"$1,159,250  ",houston-texans
2010,Maurice Morris,"$2,150,000  ",detroit-lions
2010,Laurence Maroney,"$776,470  ",denver-broncos
2010,J.J. Arrington,"$680,000  ",denver-broncos
2010,Steve Slaton,"$636,096  ",houston-texans
2010,Derrick Ward,"$630,000  ",houston-texans
2010,Jahvid Best,"$1,270,000  ",detroit-lions
2010,Kevin Smith,"$686,630  ",detroit-lions
2010,Lendale White,"$541,764  ",denver-broncos
2010,Spencer Larsen,"$494,381  ",denver-broncos
2010,Arian Foster,"$420,000  ",houston-texans
2010,Lance Ball,"$357,800  ",denver-broncos
2010,Maurice Jones-Drew,"$6,400,000  ",jacksonville-jaguars
2010,Jalen Parmele,"$470,000  ",jacksonville-jaguars
2010,Rashad Jennings,"$404,612  ",jacksonville-jaguars
2010,Brock Bolen,"$395,000  ",jacksonville-jaguars
2010,Deji Karim,"$347,500  ",jacksonville-jaguars
2010,Thomas Jones,"$4,850,000  ",kansas-city-chiefs
2010,Joseph Addai,"$3,122,750  ",indianapolis-colts
2010,Jamaal Charles,"$2,003,333  ",kansas-city-chiefs
2010,Dexter McCluster,"$880,000  ",kansas-city-chiefs
2010,Donald Brown,"$1,410,000  ",indianapolis-colts
2010,Mike Hart,"$470,000  ",indianapolis-colts
2010,Tim Castille,"$545,000  ",kansas-city-chiefs
2010,Chris Gronkowski,"$320,000  ",indianapolis-colts
2010,Javarris James,"$320,000  ",indianapolis-colts
2010,Dominic Rhodes,"$310,882  ",indianapolis-colts
2010,Devin Moore,"$80,000  ",indianapolis-colts
2010,Ricky Williams,"$5,300,000  ",miami-dolphins
2010,Ronnie Brown,"$3,969,239  ",miami-dolphins
2010,Lousaka Polite,"$1,300,000  ",miami-dolphins
2010,Lorenzo Booker,"$658,750  ",miami-dolphins
2010,Reggie Bush,"$11,990,000  ",new-orleans-saints
2010,Lex Hilliard,"$395,000  ",miami-dolphins
2010,Kory Sheets,"$240,000  ",miami-dolphins
2010,Pierre Thomas,"$1,684,000  ",new-orleans-saints
2010,Julius Jones,"$630,000  ",new-orleans-saints
2010,Chris Ivory,"$321,667  ",new-orleans-saints
2010,DeShawn Wynn,"$170,312  ",new-orleans-saints
2010,Fred Taylor,"$2,725,000  ",new-england-patriots
2010,Brandon Jacobs,"$5,750,000  ",new-york-giants
2010,Sammy Morris,"$1,375,000  ",new-england-patriots
2010,BenJarvus Green-Ellis,"$477,280  ",new-england-patriots
2010,Ahmad Bradshaw,"$1,010,181  ",new-york-giants
2010,D.J. Ware,"$525,000  ",new-york-giants
2010,Thomas Clayton,"$396,000  ",new-england-patriots
2010,Danny Woodhead,"$371,764  ",new-england-patriots
2010,Darius Reynaud,"$470,000  ",new-york-giants
2010,Adrian Peterson,"$5,695,000  ",minnesota-vikings
2010,LaDainian Tomlinson,"$1,900,500  ",new-york-jets
2010,Toby Gerhart,"$691,000  ",minnesota-vikings
2010,Lorenzo Booker,"$470,000  ",minnesota-vikings
2010,Shonn Greene,"$629,370  ",new-york-jets
2010,Joe McKnight,"$445,250  ",new-york-jets
2010,Darren McFadden,"$4,743,000  ",oakland-raiders
2010,Rock Cartwright,"$755,000  ",oakland-raiders
2010,Michael Bush,"$675,000  ",oakland-raiders
2010,Jerome Harrison,"$1,759,000  ",philadelphia-eagles
2010,LeSean McCoy,"$1,094,530  ",philadelphia-eagles
2010,Joique Bell,"$282,352  ",philadelphia-eagles
2010,Mewelde Moore,"$1,925,000  ",pittsburgh-steelers
2010,Rashard Mendenhall,"$1,742,500  ",pittsburgh-steelers
2010,Jonathan Dwyer,"$345,946  ",pittsburgh-steelers
2010,Darren Sproles,"$7,281,300  ",san-diego-chargers
2010,Frank Gore,"$6,354,875  ",san-francisco-49ers
2010,Issac Redman,"$320,666  ",pittsburgh-steelers
2010,Ryan Mathews,"$1,731,000  ",san-diego-chargers
2010,Jacob Hester,"$678,462  ",san-diego-chargers
2010,Moran Norris,"$2,177,333  ",san-francisco-49ers
2010,Glen Coffee,"$602,061  ",san-francisco-49ers
2010,Marcus Thomas,"$470,000  ",san-diego-chargers
2010,Curtis Brinkley,"$398,000  ",san-diego-chargers
2010,Anthony Dixon,"$350,150  ",san-francisco-49ers
2010,Leon Washington,"$1,759,000  ",seattle-seahawks
2010,Chris Johnson,"$2,155,002  ",tennessee-titans
2010,Marshawn Lynch,"$885,000  ",seattle-seahawks
2010,Justin Forsett,"$481,500  ",seattle-seahawks
2010,Javon Ringer,"$431,635  ",tennessee-titans
2010,Carnell Williams,"$2,303,400  ",tampa-bay-buccaneers
2010,LeGarrette Blount,"$320,000  ",tampa-bay-buccaneers
2011,Beanie Wells,"$1,585,000  ",arizona-cardinals
2011,Ryan Williams,"$910,442  ",arizona-cardinals
2011,Reagan Maui'a,"$650,000  ",arizona-cardinals
2010,Steven Jackson,"$8,384,000  ",st.-louis-rams
2011,LaRod Stephens-Howling,"$537,500  ",arizona-cardinals
2010,Kenneth Darby,"$470,000  ",st.-louis-rams
2010,Brit Miller,"$240,000  ",st.-louis-rams
2010,Clinton Portis,"$9,555,600  ",washington-redskins
2011,Chester Taylor,"$525,000  ",arizona-cardinals
2011,Alfonso Smith,"$380,000  ",arizona-cardinals
2010,Larry Johnson,"$1,000,000  ",washington-redskins
2010,James Davis,"$395,000  ",washington-redskins
2010,Andre Brown,"$320,000  ",washington-redskins
2010,Keiland Williams,"$320,000  ",washington-redskins
2011,Michael Turner,"$7,500,000  ",atlanta-falcons
2011,Ovie Mughelli,"$3,750,000  ",atlanta-falcons
2011,Jason Snelling,"$1,000,000  ",atlanta-falcons
2011,C.J. Spiller,"$2,822,916  ",buffalo-bills
2011,Jacquizz Rodgers,"$422,750  ",atlanta-falcons
2011,Antone Smith,"$405,000  ",atlanta-falcons
2011,Fred Jackson,"$2,175,000  ",buffalo-bills
2011,Tashard Choice,"$555,000  ",buffalo-bills
2011,Ricky Williams,"$1,050,000  ",baltimore-ravens
2011,Johnny White,"$428,400  ",buffalo-bills
2011,Bruce Hall,"$375,000  ",buffalo-bills
2011,Ray Rice,"$875,000  ",baltimore-ravens
2011,Matt Lawrence,"$525,000  ",baltimore-ravens
2011,DeAngelo Williams,"$7,700,000  ",carolina-panthers
2011,Anthony Allen,"$387,625  ",baltimore-ravens
2011,Jonathan Stewart,"$2,572,500  ",carolina-panthers
2011,Mike Goodson,"$490,500  ",carolina-panthers
2011,Tyrell Sutton,"$480,000  ",carolina-panthers
2011,Rashawn Jackson,"$330,000  ",carolina-panthers
2011,Marion Barber,"$2,250,000  ",chicago-bears
2011,Matt Forte,"$983,333  ",chicago-bears
2011,Kahlil Bell,"$480,000  ",chicago-bears
2011,Armando Allen,"$375,000  ",chicago-bears
2011,Cedric Benson,"$4,323,353  ",cincinnati-bengals
2011,Bernard Scott,"$544,377  ",cincinnati-bengals
2011,Knowshon Moreno,"$2,588,800  ",denver-broncos
2011,Willis McGahee,"$1,500,000  ",denver-broncos
2011,Lendale White,"$640,000  ",denver-broncos
2011,Brandon Jackson,"$2,250,000  ",cleveland-browns
2011,Felix Jones,"$1,738,250  ",dallas-cowboys
2011,Spencer Larsen,"$579,381  ",denver-broncos
2011,Lance Ball,"$450,000  ",denver-broncos
2011,Montario Hardesty,"$655,000  ",cleveland-browns
2011,Peyton Hillis,"$555,000  ",cleveland-browns
2011,DeMarco Murray,"$565,625  ",dallas-cowboys
2011,Phillip Tanner,"$375,500  ",dallas-cowboys
2011,Mario Fannin,"$378,333  ",denver-broncos
2011,Ryan Grant,"$4,500,000  ",green-bay-packers
2011,Alexander Green,"$503,750  ",green-bay-packers
2011,James Starks,"$430,075  ",green-bay-packers
2011,Jahvid Best,"$2,650,500  ",detroit-lions
2011,Brandon Saine,"$375,000  ",green-bay-packers
2011,Derrick Ward,"$1,750,000  ",houston-texans
2011,Maurice Morris,"$2,475,000  ",detroit-lions
2011,Mikel Leshoure,"$624,396  ",detroit-lions
2011,Ben Tate,"$674,250  ",houston-texans
2011,Arian Foster,"$525,000  ",houston-texans
2011,Kevin Smith,"$600,000  ",detroit-lions
2011,Jerome Harrison,"$575,000  ",detroit-lions
2011,Joique Bell,"$465,000  ",detroit-lions
2011,Keiland Williams,"$405,000  ",detroit-lions
2011,Joseph Addai,"$4,310,000  ",indianapolis-colts
2011,Donald Brown,"$3,255,000  ",indianapolis-colts
2011,Delone Carter,"$481,301  ",indianapolis-colts
2011,Chris Gronkowski,"$405,000  ",indianapolis-colts
2011,Ryan Mahaffey,"$375,000  ",indianapolis-colts
2011,Maurice Jones-Drew,"$6,000,000  ",jacksonville-jaguars
2011,Rashad Jennings,"$534,612  ",jacksonville-jaguars
2011,Brock Bolen,"$525,000  ",jacksonville-jaguars
2011,Jamaal Charles,"$4,933,333  ",kansas-city-chiefs
2011,Deji Karim,"$432,500  ",jacksonville-jaguars
2011,DuJuan Harris,"$375,000  ",jacksonville-jaguars
2011,Thomas Jones,"$2,250,000  ",kansas-city-chiefs
2011,Dexter McCluster,"$1,920,000  ",kansas-city-chiefs
2011,Richard Murphy,"$375,000  ",jacksonville-jaguars
2011,BenJarvus Green-Ellis,"$1,835,000  ",new-england-patriots
2011,Shaun Draughn,"$375,000  ",kansas-city-chiefs
2011,Danny Woodhead,"$916,666  ",new-england-patriots
2011,Stevan Ridley,"$537,000  ",new-england-patriots
2011,Adrian Peterson,"$12,955,000  ",minnesota-vikings
2011,Toby Gerhart,"$821,000  ",minnesota-vikings
2011,Lorenzo Booker,"$555,000  ",minnesota-vikings
2011,Reggie Bush,"$3,750,000  ",miami-dolphins
2011,Caleb King,"$375,000  ",minnesota-vikings
2011,Jordan Todman,"$22,058  ",minnesota-vikings
2011,Steve Slaton,"$1,200,000  ",miami-dolphins
2011,Daniel Thomas,"$588,435  ",miami-dolphins
2011,Lex Hilliard,"$525,000  ",miami-dolphins
2011,Pierre Thomas,"$3,340,000  ",new-orleans-saints
2011,Darren Sproles,"$1,750,000  ",new-orleans-saints
2011,Mark Ingram,"$1,348,500  ",new-orleans-saints
2011,Korey Hall,"$980,000  ",new-orleans-saints
2011,Chris Ivory,"$451,667  ",new-orleans-saints
2011,Brandon Jacobs,"$6,750,000  ",new-york-giants
2011,Ahmad Bradshaw,"$2,750,000  ",new-york-giants
2011,D.J. Ware,"$995,000  ",new-york-giants
2011,Darius Reynaud,"$585,500  ",new-york-giants
2011,Andre Brown,"$450,000  ",new-york-giants
2011,Da'Rel Scott,"$388,988  ",new-york-giants
2011,LaDainian Tomlinson,"$1,325,000  ",new-york-jets
2011,Shonn Greene,"$714,370  ",new-york-jets
2011,Joe McKnight,"$530,250  ",new-york-jets
2011,Bilal Powell,"$475,125  ",new-york-jets
2011,Darren McFadden,"$10,873,833  ",oakland-raiders
2011,Michael Bush,"$2,610,000  ",oakland-raiders
2011,Rock Cartwright,"$910,000  ",oakland-raiders
2011,LeSean McCoy,"$867,530  ",philadelphia-eagles
2011,Taiwan Jones,"$476,250  ",oakland-raiders
2011,Ronnie Brown,"$525,000  ",philadelphia-eagles
2011,Dion Lewis,"$422,220  ",philadelphia-eagles
2011,Ryan Mathews,"$2,083,750  ",san-diego-chargers
2011,Jacob Hester,"$763,462  ",san-diego-chargers
2011,Marcus Thomas,"$555,000  ",san-diego-chargers
2011,Leon Washington,"$2,375,000  ",seattle-seahawks
2011,Curtis Brinkley,"$450,000  ",san-diego-chargers
2011,Jordan Todman,"$195,500  ",san-diego-chargers
2011,Marshawn Lynch,"$2,140,000  ",seattle-seahawks
2011,Justin Forsett,"$611,500  ",seattle-seahawks
2011,Frank Gore,"$7,033,000  ",san-francisco-49ers
2011,Rashard Mendenhall,"$1,882,500  ",pittsburgh-steelers
2011,Moran Norris,"$1,927,333  ",san-francisco-49ers
2011,Kendall Hunter,"$484,805  ",san-francisco-49ers
2011,Mewelde Moore,"$575,000  ",pittsburgh-steelers
2011,Jonathan Dwyer,"$475,946  ",pittsburgh-steelers
2011,Anthony Dixon,"$435,150  ",san-francisco-49ers
2011,Ian Johnson,"$96,900  ",san-francisco-49ers
2011,Issac Redman,"$450,668  ",pittsburgh-steelers
2011,Baron Batch,"$386,628  ",pittsburgh-steelers
2011,Chris Johnson,"$6,370,002  ",tennessee-titans
2011,John Clay,"$378,333  ",pittsburgh-steelers
2011,Tim Hightower,"$1,835,000  ",washington-redskins
2011,LeGarrette Blount,"$450,000  ",tampa-bay-buccaneers
2011,Javon Ringer,"$561,635  ",tennessee-titans
2011,Jamie Harper,"$450,145  ",tennessee-titans
2011,Roy Helu,"$492,563  ",washington-redskins
2011,James Davis,"$480,000  ",washington-redskins
2011,Mossis Madu,"$375,000  ",tampa-bay-buccaneers
2011,Steven Jackson,"$9,479,000  ",st.-louis-rams
2011,Evan Royster,"$96,900  ",washington-redskins
2011,Carnell Williams,"$525,000  ",st.-louis-rams
2011,Brit Miller,"$525,000  ",st.-louis-rams
2011,Jerious Norwood,"$525,000  ",st.-louis-rams
2011,Keith Toston,"$405,000  ",st.-louis-rams
2012,Michael Turner,"$7,000,000  ",atlanta-falcons
2012,Jason Snelling,"$1,058,333  ",atlanta-falcons
2012,Antone Smith,"$540,000  ",atlanta-falcons
2012,Jacquizz Rodgers,"$512,750  ",atlanta-falcons
2012,Beanie Wells,"$3,017,500  ",arizona-cardinals
2012,LaRod Stephens-Howling,"$1,927,000  ",arizona-cardinals
2012,Ryan Williams,"$1,141,703  ",arizona-cardinals
2012,Korey Hall,"$930,000  ",arizona-cardinals
2012,Javarris James,"$465,000  ",arizona-cardinals
2012,Alfonso Smith,"$465,000  ",arizona-cardinals
2012,Ray Rice,"$5,000,000  ",baltimore-ravens
2012,Bernard Pierce,"$528,986  ",baltimore-ravens
2012,Anthony Allen,"$465,000  ",baltimore-ravens
2012,Damien Berry,"$273,000  ",baltimore-ravens
2012,Bobby Rainey,"$273,000  ",baltimore-ravens
2012,Fred Jackson,"$3,680,000  ",buffalo-bills
2012,C.J. Spiller,"$3,270,833  ",buffalo-bills
2012,Tashard Choice,"$540,000  ",buffalo-bills
2012,DeAngelo Williams,"$8,700,000  ",carolina-panthers
2012,Jonathan Stewart,"$3,873,750  ",carolina-panthers
2012,Armond Smith,"$465,000  ",carolina-panthers
2012,Tauren Poole,"$392,500  ",carolina-panthers
2012,Matt Forte,"$6,800,000  ",chicago-bears
2012,BenJarvus Green-Ellis,"$3,000,000  ",cincinnati-bengals
2012,Michael Bush,"$2,000,000  ",chicago-bears
2012,Kahlil Bell,"$615,000  ",chicago-bears
2012,Bernard Scott,"$634,377  ",cincinnati-bengals
2012,Cedric Peerman,"$540,000  ",cincinnati-bengals
2012,Lorenzo Booker,"$540,000  ",chicago-bears
2012,Armando Allen,"$390,000  ",chicago-bears
2012,Dan Herron,"$73,125  ",cincinnati-bengals
2012,Felix Jones,"$1,884,500  ",dallas-cowboys
2012,DeMarco Murray,"$675,906  ",dallas-cowboys
2012,Phillip Tanner,"$465,500  ",dallas-cowboys
2012,Trent Richardson,"$3,725,250  ",cleveland-browns
2012,Lance Dunbar,"$390,000  ",dallas-cowboys
2012,Brandon Jackson,"$2,250,000  ",cleveland-browns
2012,Montario Hardesty,"$740,000  ",cleveland-browns
2012,Chris Ogbonnaya,"$540,000  ",cleveland-browns
2012,Eddie Williams,"$540,000  ",cleveland-browns
2012,Jahvid Best,"$1,741,000  ",detroit-lions
2012,Mikel Leshoure,"$780,495  ",detroit-lions
2012,Kevin Smith,"$605,000  ",detroit-lions
2012,Willis McGahee,"$2,500,000  ",denver-broncos
2012,Joique Bell,"$540,000  ",detroit-lions
2012,Knowshon Moreno,"$2,443,800  ",denver-broncos
2012,Ronnie Hillman,"$562,708  ",denver-broncos
2012,Lance Ball,"$540,000  ",denver-broncos
2012,Chris Gronkowski,"$540,000  ",denver-broncos
2012,Mario Fannin,"$393,333  ",denver-broncos
2012,Jacob Hester,"$131,250  ",denver-broncos
2012,Maurice Jones-Drew,"$6,300,000  ",jacksonville-jaguars
2012,Brock Bolen,"$615,000  ",jacksonville-jaguars
2012,Jalen Parmele,"$615,000  ",jacksonville-jaguars
2012,Arian Foster,"$8,000,000  ",houston-texans
2012,Alexander Green,"$601,250  ",green-bay-packers
2012,Rashad Jennings,"$574,612  ",jacksonville-jaguars
2012,Keith Toston,"$465,000  ",jacksonville-jaguars
2012,Ben Tate,"$759,250  ",houston-texans
2012,Justin Forsett,"$700,000  ",houston-texans
2012,Cedric Benson,"$540,000  ",green-bay-packers
2012,James Starks,"$515,075  ",green-bay-packers
2012,Johnathan Grimes,"$390,000  ",jacksonville-jaguars
2012,Richard Murphy,"$390,000  ",jacksonville-jaguars
2012,Johnathan Grimes,"$195,000  ",houston-texans
2012,DuJuan Harris,"$465,000  ",green-bay-packers
2012,Johnny White,"$456,281  ",green-bay-packers
2012,Keith Toston,"$232,500  ",jacksonville-jaguars
2012,Jordan Todman,"$141,176  ",jacksonville-jaguars
2012,Donald Brown,"$1,880,000  ",indianapolis-colts
2012,Brandon Saine,"$174,375  ",green-bay-packers
2012,Ryan Grant,"$131,251  ",green-bay-packers
2012,Delone Carter,"$571,301  ",indianapolis-colts
2012,Deji Karim,"$540,000  ",indianapolis-colts
2012,Vick Ballard,"$426,140  ",indianapolis-colts
2012,Mewelde Moore,"$412,500  ",indianapolis-colts
2012,Robert Hughes,"$390,000  ",indianapolis-colts
2012,Jamaal Charles,"$4,833,333  ",kansas-city-chiefs
2012,Peyton Hillis,"$2,800,000  ",kansas-city-chiefs
2012,Dexter McCluster,"$1,100,000  ",kansas-city-chiefs
2012,Reggie Bush,"$6,025,000  ",miami-dolphins
2012,Cyrus Gray,"$424,918  ",kansas-city-chiefs
2012,Nate Eachus,"$390,833  ",kansas-city-chiefs
2012,Daniel Thomas,"$781,435  ",miami-dolphins
2012,Lamar Miller,"$511,500  ",miami-dolphins
2012,Shaun Draughn,"$390,000  ",kansas-city-chiefs
2012,Ryan Mahaffey,"$465,000  ",miami-dolphins
2012,Jonas Gray,"$391,500  ",miami-dolphins
2012,Adrian Peterson,"$12,705,000  ",minnesota-vikings
2012,Toby Gerhart,"$1,378,500  ",minnesota-vikings
2012,Matt Asiata,"$390,000  ",minnesota-vikings
2012,Jordan Todman,"$170,000  ",minnesota-vikings
2012,Danny Woodhead,"$891,668  ",new-england-patriots
2012,Spencer Larsen,"$825,000  ",new-england-patriots
2012,Shane Vereen,"$786,625  ",new-england-patriots
2012,Stevan Ridley,"$671,250  ",new-england-patriots
2012,Brandon Bolden,"$394,584  ",new-england-patriots
2012,Darren Sproles,"$4,250,000  ",new-orleans-saints
2012,Pierre Thomas,"$2,260,000  ",new-orleans-saints
2012,Mark Ingram,"$1,685,625  ",new-orleans-saints
2012,Chris Ivory,"$541,667  ",new-orleans-saints
2012,Travaris Cadet,"$391,667  ",new-orleans-saints
2012,Ahmad Bradshaw,"$4,500,000  ",new-york-giants
2012,David Wilson,"$1,215,364  ",new-york-giants
2012,Da'Rel Scott,"$478,988  ",new-york-giants
2012,Andre Brown,"$355,588  ",new-york-giants
2012,Kregg Lumpkin,"$115,313  ",new-york-giants
2012,Ryan Torain,"$115,313  ",new-york-giants
2012,Shonn Greene,"$849,370  ",new-york-jets
2012,Joe McKnight,"$665,250  ",new-york-jets
2012,Bilal Powell,"$565,125  ",new-york-jets
2012,Lex Hilliard,"$412,941  ",new-york-jets
2012,Johnathan Grimes,"$321,176  ",new-york-jets
2012,Darren McFadden,"$9,478,833  ",oakland-raiders
2012,Kahlil Bell,"$222,353  ",new-york-jets
2012,John Griffin,"$22,941  ",new-york-jets
2012,Mike Goodson,"$615,000  ",oakland-raiders
2012,Taiwan Jones,"$566,250  ",oakland-raiders
2012,Rashawn Jackson,"$390,000  ",oakland-raiders
2012,Jeremy Stewart,"$390,000  ",oakland-raiders
2012,Rashard Mendenhall,"$3,477,500  ",pittsburgh-steelers
2012,Jonathan Dwyer,"$565,946  ",pittsburgh-steelers
2012,Issac Redman,"$540,000  ",pittsburgh-steelers
2012,Baron Batch,"$465,000  ",pittsburgh-steelers
2012,Chris Rainey,"$435,413  ",pittsburgh-steelers
2012,LeSean McCoy,"$2,770,030  ",philadelphia-eagles
2012,Dion Lewis,"$512,220  ",philadelphia-eagles
2012,Bryce Brown,"$402,720  ",philadelphia-eagles
2012,Chris Polk,"$393,333  ",philadelphia-eagles
2012,Graig Cooper,"$390,000  ",philadelphia-eagles
2012,Ryan Mathews,"$7,530,300  ",san-diego-chargers
2012,Ronnie Brown,"$1,000,000  ",san-diego-chargers
2012,Curtis Brinkley,"$405,000  ",san-diego-chargers
2012,Frank Gore,"$6,000,000  ",san-francisco-49ers
2012,Brandon Jacobs,"$1,407,000  ",san-francisco-49ers
2012,LaMichael James,"$603,436  ",san-francisco-49ers
2012,Doug Martin,"$1,234,096  ",tampa-bay-buccaneers
2012,Kendall Hunter,"$574,805  ",san-francisco-49ers
2012,Anthony Dixon,"$520,150  ",san-francisco-49ers
2012,D.J. Ware,"$1,005,000  ",tampa-bay-buccaneers
2012,LeGarrette Blount,"$540,000  ",tampa-bay-buccaneers
2012,Michael Smith,"$406,287  ",tampa-bay-buccaneers
2012,Jewel Hampton,"$274,666  ",san-francisco-49ers
2012,Marshawn Lynch,"$5,500,000  ",seattle-seahawks
2012,Jeff Demps,"$390,000  ",tampa-bay-buccaneers
2012,Leon Washington,"$3,375,000  ",seattle-seahawks
2012,Robert Turbin,"$504,114  ",seattle-seahawks
2012,Chris Johnson,"$11,370,002  ",tennessee-titans
2012,Javon Ringer,"$651,635  ",tennessee-titans
2012,Darius Reynaud,"$615,000  ",tennessee-titans
2012,Roy Helu,"$582,563  ",washington-redskins
2012,Jamie Harper,"$540,145  ",tennessee-titans
2012,Darren Evans,"$465,000  ",tennessee-titans
2012,James Davis,"$565,000  ",washington-redskins
2012,Keiland Williams,"$540,000  ",washington-redskins
2012,Steven Jackson,"$9,279,000  ",st.-louis-rams
2012,Evan Royster,"$465,000  ",washington-redskins
2012,Alfred Morris,"$420,775  ",washington-redskins
2012,Isaiah Pead,"$734,200  ",st.-louis-rams
2012,Brit Miller,"$615,000  ",st.-louis-rams
2012,Tristan Davis,"$390,000  ",washington-redskins
2012,Daryl Richardson,"$401,474  ",st.-louis-rams
2013,Rashard Mendenhall,"$2,500,000  ",arizona-cardinals
2013,Ryan Williams,"$1,365,663  ",arizona-cardinals
2013,Alfonso Smith,"$555,000  ",arizona-cardinals
2013,Stepfan Taylor,"$455,125  ",arizona-cardinals
2013,Andre Ellington,"$430,966  ",arizona-cardinals
2013,Steven Jackson,"$2,916,666  ",atlanta-falcons
2013,Jason Snelling,"$1,208,333  ",atlanta-falcons
2013,Antone Smith,"$662,500  ",atlanta-falcons
2013,Jacquizz Rodgers,"$602,750  ",atlanta-falcons
2013,Josh Vaughan,"$555,000  ",atlanta-falcons
2013,Ray Rice,"$5,750,000  ",baltimore-ravens
2013,Bernard Pierce,"$618,986  ",baltimore-ravens
2013,Bernard Scott,"$97,491  ",baltimore-ravens
2013,C.J. Spiller,"$3,718,750  ",buffalo-bills
2013,Fred Jackson,"$3,700,000  ",buffalo-bills
2013,Ronnie Wingo,"$238,235  ",buffalo-bills
2013,DeAngelo Williams,"$5,000,000  ",carolina-panthers
2013,Jonathan Stewart,"$3,015,000  ",carolina-panthers
2013,Kenjon Barner,"$431,450  ",carolina-panthers
2013,Matt Forte,"$7,268,750  ",chicago-bears
2013,Michael Bush,"$2,500,000  ",chicago-bears
2013,Michael Ford,"$406,166  ",chicago-bears
2013,BenJarvus Green-Ellis,"$3,250,000  ",cincinnati-bengals
2013,Cedric Peerman,"$1,115,000  ",cincinnati-bengals
2013,Giovani Bernard,"$955,153  ",cincinnati-bengals
2013,Rex Burkhead,"$430,550  ",cincinnati-bengals
2013,Chris Ogbonnaya,"$775,000  ",cleveland-browns
2013,Dion Lewis,"$555,000  ",cleveland-browns
2013,Willis McGahee,"$489,705  ",cleveland-browns
2013,DeMarco Murray,"$810,938  ",dallas-cowboys
2013,Knowshon Moreno,"$3,288,800  ",denver-broncos
2013,Fozzy Whittaker,"$309,705  ",cleveland-browns
2013,Edwin Baker,"$71,470  ",cleveland-browns
2013,Phillip Tanner,"$555,500  ",dallas-cowboys
2013,Joseph Randle,"$452,220  ",dallas-cowboys
2013,Ronnie Hillman,"$687,708  ",denver-broncos
2013,Montee Ball,"$629,878  ",denver-broncos
2013,Reggie Bush,"$2,000,000  ",detroit-lions
2013,Lance Dunbar,"$438,353  ",dallas-cowboys
2013,C.J. Anderson,"$409,166  ",denver-broncos
2013,Mikel Leshoure,"$939,258  ",detroit-lions
2013,Joique Bell,"$630,000  ",detroit-lions
2013,James Starks,"$655,075  ",green-bay-packers
2013,Theo Riddick,"$427,750  ",detroit-lions
2013,Eddie Lacy,"$616,802  ",green-bay-packers
2013,DuJuan Harris,"$555,000  ",green-bay-packers
2013,Arian Foster,"$8,250,000  ",houston-texans
2013,Donald Brown,"$2,720,000  ",indianapolis-colts
2013,Johnathan Franklin,"$506,367  ",green-bay-packers
2013,Kahlil Bell,"$130,588  ",green-bay-packers
2013,Ben Tate,"$899,250  ",houston-texans
2013,Deji Karim,"$333,529  ",houston-texans
2013,Ahmad Bradshaw,"$1,918,750  ",indianapolis-colts
2013,Trent Richardson,"$1,321,354  ",indianapolis-colts
2013,Dennis Johnson,"$214,411  ",houston-texans
2013,Johnathan Grimes,"$56,471  ",houston-texans
2013,Vick Ballard,"$516,140  ",indianapolis-colts
2013,Dan Herron,"$338,823  ",indianapolis-colts
2013,Maurice Jones-Drew,"$6,800,000  ",jacksonville-jaguars
2013,Ray Graham,"$23,823  ",houston-texans
2013,Chad Spann,"$23,823  ",houston-texans
2013,Chris Rainey,"$138,177  ",indianapolis-colts
2013,Tashard Choice,"$126,176  ",indianapolis-colts
2013,Justin Forsett,"$1,050,000  ",jacksonville-jaguars
2013,Jordan Todman,"$555,000  ",jacksonville-jaguars
2013,Jamaal Charles,"$4,333,333  ",kansas-city-chiefs
2013,Denard Robinson,"$458,403  ",jacksonville-jaguars
2013,Delone Carter,"$97,941  ",jacksonville-jaguars
2013,Dexter McCluster,"$1,400,000  ",kansas-city-chiefs
2013,Knile Davis,"$531,504  ",kansas-city-chiefs
2013,Cyrus Gray,"$514,918  ",kansas-city-chiefs
2013,Adrian Peterson,"$13,900,000  ",minnesota-vikings
2013,Toby Gerhart,"$1,013,500  ",minnesota-vikings
2013,Matt Asiata,"$480,000  ",minnesota-vikings
2013,Joe Banyard,"$47,647  ",minnesota-vikings
2013,Daniel Thomas,"$882,652  ",miami-dolphins
2013,Lamar Miller,"$601,500  ",miami-dolphins
2013,Mike Gillislee,"$445,700  ",miami-dolphins
2013,Shane Vereen,"$943,950  ",new-england-patriots
2013,Stevan Ridley,"$805,500  ",new-england-patriots
2013,LeGarrette Blount,"$680,000  ",new-england-patriots
2013,Darren Sproles,"$3,750,000  ",new-orleans-saints
2013,Brandon Bolden,"$484,584  ",new-england-patriots
2013,Pierre Thomas,"$2,500,000  ",new-orleans-saints
2013,Mark Ingram,"$2,022,750  ",new-orleans-saints
2013,Andre Brown,"$2,023,000  ",new-york-giants
2013,Travaris Cadet,"$481,667  ",new-orleans-saints
2013,Khiry Robinson,"$405,333  ",new-orleans-saints
2013,Chris Ivory,"$1,500,000  ",new-york-jets
2013,David Wilson,"$1,519,205  ",new-york-giants
2013,Brandon Jacobs,"$480,530  ",new-york-giants
2013,Mike Goodson,"$665,274  ",new-york-jets
2013,Bilal Powell,"$655,125  ",new-york-jets
2013,Michael Cox,"$416,474  ",new-york-giants
2013,Peyton Hillis,"$359,118  ",new-york-giants
2013,Alexander Green,"$555,000  ",new-york-jets
2013,Lex Hilliard,"$322,900  ",new-york-jets
2013,Da'Rel Scott,"$238,412  ",new-york-giants
2013,Darren McFadden,"$9,685,084  ",oakland-raiders
2013,John Griffin,"$288,000  ",new-york-jets
2013,Darius Reynaud,"$168,235  ",new-york-jets
2013,Taiwan Jones,"$656,250  ",oakland-raiders
2013,Rashad Jennings,"$630,000  ",oakland-raiders
2013,Le'Veon Bell,"$749,200  ",pittsburgh-steelers
2013,Jeremy Stewart,"$480,000  ",oakland-raiders
2013,Latavius Murray,"$314,550  ",oakland-raiders
2013,LaRod Stephens-Howling,"$620,000  ",pittsburgh-steelers
2013,Jonathan Dwyer,"$592,941  ",pittsburgh-steelers
2013,LeSean McCoy,"$4,950,000  ",philadelphia-eagles
2013,Felix Jones,"$587,500  ",pittsburgh-steelers
2013,Ryan Mathews,"$2,829,250  ",san-diego-chargers
2013,Bryce Brown,"$492,720  ",philadelphia-eagles
2013,Chris Polk,"$483,333  ",philadelphia-eagles
2013,Danny Woodhead,"$1,250,000  ",san-diego-chargers
2013,Ronnie Brown,"$950,000  ",san-diego-chargers
2013,Matthew Tucker,"$262,059  ",philadelphia-eagles
2013,Frank Gore,"$6,450,000  ",san-francisco-49ers
2013,Marshawn Lynch,"$8,500,000  ",seattle-seahawks
2013,LaMichael James,"$754,295  ",san-francisco-49ers
2013,Kendall Hunter,"$664,805  ",san-francisco-49ers
2013,Christine Michael,"$613,533  ",seattle-seahawks
2013,Robert Turbin,"$594,114  ",seattle-seahawks
2013,Anthony Dixon,"$660,150  ",san-francisco-49ers
2013,Marcus Lattimore,"$480,146  ",san-francisco-49ers
2013,Spencer Ware,"$429,358  ",seattle-seahawks
2013,Doug Martin,"$1,542,620  ",tampa-bay-buccaneers
2013,Spencer Larsen,"$457,059  ",tampa-bay-buccaneers
2013,Mike James,"$430,788  ",tampa-bay-buccaneers
2013,Chris Johnson,"$12,000,000  ",tennessee-titans
2013,Jeff Demps,"$349,941  ",tampa-bay-buccaneers
2013,Michael Smith,"$319,287  ",tampa-bay-buccaneers
2013,Shonn Greene,"$2,583,333  ",tennessee-titans
2013,Leon Washington,"$247,059  ",tennessee-titans
2013,Bobby Rainey,"$282,353  ",tampa-bay-buccaneers
2013,Michael Hill,"$166,764  ",tampa-bay-buccaneers
2013,Isaiah Pead,"$884,012  ",st.-louis-rams
2013,Roy Helu,"$672,563  ",washington-redskins
2013,Lonnie Pryor,"$142,941  ",tampa-bay-buccaneers
2013,Daryl Richardson,"$491,474  ",st.-louis-rams
2013,Zac Stacy,"$449,125  ",st.-louis-rams
2013,Evan Royster,"$555,000  ",washington-redskins
2013,Alfred Morris,"$510,775  ",washington-redskins
2013,Benny Cunningham,"$408,333  ",st.-louis-rams
2013,Chase Reynolds,"$405,000  ",st.-louis-rams
2013,Chris Thompson,"$451,250  ",washington-redskins
2013,Jawan Jamison,"$71,470  ",washington-redskins
2014,Jonathan Dwyer,"$635,000  ",arizona-cardinals
2014,Stepfan Taylor,"$545,125  ",arizona-cardinals
2014,Andre Ellington,"$520,966  ",arizona-cardinals
2014,Robert Hughes,"$495,000  ",arizona-cardinals
2014,Marion Grice,"$345,882  ",arizona-cardinals
2014,Kerwynn Williams,"$98,823  ",arizona-cardinals
2014,C.J. Spiller,"$5,916,666  ",buffalo-bills
2014,Fred Jackson,"$3,850,000  ",buffalo-bills
2014,Anthony Dixon,"$1,016,666  ",buffalo-bills
2014,Bernard Pierce,"$708,986  ",baltimore-ravens
2014,Bryce Brown,"$570,000  ",buffalo-bills
2014,Justin Forsett,"$570,000  ",baltimore-ravens
2014,Lorenzo Taliaferro,"$481,381  ",baltimore-ravens
2014,Steven Jackson,"$4,166,666  ",atlanta-falcons
2014,DeAngelo Williams,"$6,000,000  ",carolina-panthers
2014,Fitz Toussaint,"$74,117  ",baltimore-ravens
2014,Jacquizz Rodgers,"$1,478,750  ",atlanta-falcons
2014,Antone Smith,"$762,500  ",atlanta-falcons
2014,Jonathan Stewart,"$4,585,000  ",carolina-panthers
2014,Fozzy Whittaker,"$495,000  ",carolina-panthers
2014,Devonta Freeman,"$541,106  ",atlanta-falcons
2014,Jerome Smith,"$24,705  ",atlanta-falcons
2014,Giovani Bernard,"$1,193,941  ",cincinnati-bengals
2014,Cedric Peerman,"$1,050,000  ",cincinnati-bengals
2014,Jeremy Hill,"$682,473  ",cincinnati-bengals
2014,Rex Burkhead,"$520,550  ",cincinnati-bengals
2014,Matt Forte,"$7,900,000  ",chicago-bears
2014,Ka'Deem Carey,"$530,845  ",chicago-bears
2014,Senorise Perry,"$420,000  ",chicago-bears
2014,Terrance West,"$551,850  ",cleveland-browns
2014,Isaiah Crowell,"$423,333  ",cleveland-browns
2014,Glenn Winston,"$420,000  ",cleveland-browns
2014,DeMarco Murray,"$1,596,625  ",dallas-cowboys
2014,Shaun Draughn,"$134,117  ",cleveland-browns
2014,Lance Dunbar,"$570,000  ",dallas-cowboys
2014,Joseph Randle,"$542,220  ",dallas-cowboys
2014,Ronnie Hillman,"$807,708  ",denver-broncos
2014,Montee Ball,"$787,347  ",denver-broncos
2014,C.J. Anderson,"$499,166  ",denver-broncos
2014,James Starks,"$1,384,375  ",green-bay-packers
2014,Juwan Thompson,"$421,166  ",denver-broncos
2014,Jeremy Stewart,"$201,176  ",denver-broncos
2014,Eddie Lacy,"$771,003  ",green-bay-packers
2014,DuJuan Harris,"$645,000  ",green-bay-packers
2014,Reggie Bush,"$2,944,444  ",detroit-lions
2014,Joique Bell,"$2,300,000  ",detroit-lions
2014,Theo Riddick,"$517,750  ",detroit-lions
2014,George Winn,"$321,176  ",detroit-lions
2014,Arian Foster,"$8,300,000  ",houston-texans
2014,Johnathan Grimes,"$495,000  ",houston-texans
2014,Alfred Blue,"$449,483  ",houston-texans
2014,Toby Gerhart,"$4,000,000  ",jacksonville-jaguars
2014,Jordan Todman,"$645,000  ",jacksonville-jaguars
2014,Denard Robinson,"$527,579  ",jacksonville-jaguars
2014,Trent Richardson,"$2,252,708  ",indianapolis-colts
2014,Storm Johnson,"$435,682  ",jacksonville-jaguars
2014,Dan Herron,"$570,000  ",indianapolis-colts
2014,Vick Ballard,"$531,140  ",indianapolis-colts
2014,Ahmad Bradshaw,"$486,353  ",indianapolis-colts
2014,Zurlon Tipton,"$148,235  ",indianapolis-colts
2014,Jamaal Charles,"$9,633,333  ",kansas-city-chiefs
2014,Knile Davis,"$646,504  ",kansas-city-chiefs
2014,Cyrus Gray,"$605,418  ",kansas-city-chiefs
2014,Joe McKnight,"$437,000  ",kansas-city-chiefs
2014,Charcandrick West,"$172,941  ",kansas-city-chiefs
2014,Adrian Peterson,"$14,400,000  ",minnesota-vikings
2014,Matt Asiata,"$570,000  ",minnesota-vikings
2014,Jerick McKinnon,"$521,221  ",minnesota-vikings
2014,Shane Vereen,"$1,101,275  ",new-england-patriots
2014,Joe Banyard,"$465,882  ",minnesota-vikings
2014,Henry Josey,"$24,705  ",minnesota-vikings
2014,Stevan Ridley,"$939,750  ",new-england-patriots
2014,Brandon Bolden,"$574,584  ",new-england-patriots
2014,Knowshon Moreno,"$3,000,000  ",miami-dolphins
2014,James White,"$519,272  ",new-england-patriots
2014,Tyler Gaffney,"$303,000  ",new-england-patriots
2014,Lamar Miller,"$691,500  ",miami-dolphins
2014,Daniel Thomas,"$569,118  ",miami-dolphins
2014,Jonas Gray,"$271,765  ",new-england-patriots
2014,LeGarrette Blount,"$257,647  ",new-england-patriots
2014,Damien Williams,"$421,666  ",miami-dolphins
2014,Mike Gillislee,"$358,700  ",miami-dolphins
2014,LaMichael James,"$234,706  ",miami-dolphins
2014,Chris Johnson,"$2,750,000  ",new-york-jets
2014,Chris Ivory,"$1,750,000  ",new-york-jets
2014,Bilal Powell,"$1,531,125  ",new-york-jets
2014,David Wilson,"$1,823,046  ",new-york-giants
2014,Maurice Jones-Drew,"$2,500,000  ",oakland-raiders
2014,Rashad Jennings,"$1,312,500  ",new-york-giants
2014,Peyton Hillis,"$855,000  ",new-york-giants
2014,Mark Ingram,"$2,359,875  ",new-orleans-saints
2014,Darren McFadden,"$1,718,000  ",oakland-raiders
2014,Taiwan Jones,"$1,651,250  ",oakland-raiders
2014,LeSean McCoy,"$9,700,000  ",philadelphia-eagles
2014,Andre Williams,"$533,400  ",new-york-giants
2014,Michael Cox,"$506,474  ",new-york-giants
2014,Pierre Thomas,"$1,570,000  ",new-orleans-saints
2014,Travaris Cadet,"$571,667  ",new-orleans-saints
2014,Kory Sheets,"$525,000  ",oakland-raiders
2014,Latavius Murray,"$446,550  ",oakland-raiders
2014,Darren Sproles,"$2,000,000  ",philadelphia-eagles
2014,Chris Polk,"$573,334  ",philadelphia-eagles
2014,Orleans Darkwa,"$172,941  ",new-york-giants
2014,Chris Ogbonnaya,"$134,118  ",new-york-giants
2014,Khiry Robinson,"$495,333  ",new-orleans-saints
2014,Frank Gore,"$6,450,000  ",san-francisco-49ers
2014,Le'Veon Bell,"$936,500  ",pittsburgh-steelers
2014,George Atkinson,"$123,529  ",oakland-raiders
2014,Kendall Hunter,"$804,805  ",san-francisco-49ers
2014,Carlos Hyde,"$669,396  ",san-francisco-49ers
2014,Dri Archer,"$546,504  ",pittsburgh-steelers
2014,Josh Harris,"$148,235  ",pittsburgh-steelers
2014,Alfonso Smith,"$265,588  ",san-francisco-49ers
2014,Phillip Tanner,"$75,882  ",san-francisco-49ers
2014,Ryan Mathews,"$3,612,000  ",san-diego-chargers
2014,Doug Martin,"$1,851,144  ",tampa-bay-buccaneers
2014,Danny Woodhead,"$2,250,000  ",san-diego-chargers
2014,Donald Brown,"$1,833,333  ",san-diego-chargers
2014,Bobby Rainey,"$570,000  ",tampa-bay-buccaneers
2014,Charles Sims,"$535,964  ",tampa-bay-buccaneers
2014,Branden Oliver,"$420,000  ",san-diego-chargers
2014,Ronnie Brown,"$402,353  ",san-diego-chargers
2014,Marshawn Lynch,"$8,000,000  ",seattle-seahawks
2014,Mike James,"$520,788  ",tampa-bay-buccaneers
2014,Christine Michael,"$766,916  ",seattle-seahawks
2014,Robert Turbin,"$684,114  ",seattle-seahawks
2014,Shonn Greene,"$3,233,333  ",tennessee-titans
2014,Dexter McCluster,"$2,050,000  ",tennessee-titans
2014,Bishop Sankey,"$698,818  ",tennessee-titans
2014,Leon Washington,"$635,000  ",tennessee-titans
2014,Antonio Andrews,"$247,058  ",tennessee-titans
2014,Roy Helu,"$1,548,563  ",washington-redskins
2014,Alfred Morris,"$600,775  ",washington-redskins
2014,Silas Redd,"$422,666  ",washington-redskins
2014,Chris Thompson,"$87,353  ",washington-redskins
2015,Devonta Freeman,"$631,106  ",atlanta-falcons
2015,Tevin Coleman,"$621,311  ",atlanta-falcons
2015,Terron Ward,"$435,333  ",atlanta-falcons
2015,Stepfan Taylor,"$635,125  ",arizona-cardinals
2015,Andre Ellington,"$610,966  ",arizona-cardinals
2015,David Johnson,"$594,843  ",arizona-cardinals
2014,Isaiah Pead,"$1,101,300  ",st.-louis-rams
2015,Chris Johnson,"$585,000  ",arizona-cardinals
2015,Kerwynn Williams,"$150,000  ",arizona-cardinals
2014,Tre Mason,"$579,375  ",st.-louis-rams
2014,Zac Stacy,"$539,125  ",st.-louis-rams
2014,Benny Cunningham,"$498,333  ",st.-louis-rams
2014,Chase Reynolds,"$495,000  ",st.-louis-rams
2015,Jonathan Stewart,"$8,300,000  ",carolina-panthers
2014,Trey Watts,"$422,000  ",st.-louis-rams
2015,Fozzy Whittaker,"$635,000  ",carolina-panthers
2015,Cameron Artis-Payne,"$476,563  ",carolina-panthers
2015,Brandon Wegher,"$435,833  ",carolina-panthers
2015,Matt Forte,"$9,200,000  ",chicago-bears
2015,Jacquizz Rodgers,"$625,000  ",chicago-bears
2015,Ka'Deem Carey,"$620,845  ",chicago-bears
2015,Justin Forsett,"$1,600,000  ",baltimore-ravens
2015,Jeremy Langford,"$570,906  ",chicago-bears
2015,Senorise Perry,"$333,000  ",chicago-bears
2015,LeSean McCoy,"$5,500,000  ",buffalo-bills
2015,Javorius Allen,"$553,618  ",baltimore-ravens
2015,Lorenzo Taliaferro,"$460,204  ",baltimore-ravens
2015,Giovani Bernard,"$1,432,729  ",cincinnati-bengals
2015,Anthony Dixon,"$1,266,666  ",buffalo-bills
2015,Karlos Williams,"$488,838  ",buffalo-bills
2015,Terrance West,"$210,000  ",baltimore-ravens
2015,Terrence Magee,"$76,764  ",baltimore-ravens
2015,Cedric Peerman,"$920,000  ",cincinnati-bengals
2015,Jeremy Hill,"$853,091  ",cincinnati-bengals
2015,Lance Dunbar,"$1,542,000  ",dallas-cowboys
2015,Cierre Wood,"$295,058  ",buffalo-bills
2015,Mike Gillislee,"$172,058  ",buffalo-bills
2015,Duke Johnson,"$612,523  ",cleveland-browns
2015,Rex Burkhead,"$610,550  ",cincinnati-bengals
2015,Darren McFadden,"$1,150,000  ",dallas-cowboys
2015,Rod Smith,"$307,058  ",dallas-cowboys
2015,Isaiah Crowell,"$513,333  ",cleveland-browns
2015,Glenn Winston,"$447,529  ",cleveland-browns
2015,Robert Turbin,"$271,764  ",dallas-cowboys
2015,Raheem Mostert,"$76,764  ",cleveland-browns
2015,Joique Bell,"$3,500,000  ",detroit-lions
2015,Ameer Abdullah,"$755,659  ",detroit-lions
2015,Theo Riddick,"$607,750  ",detroit-lions
2015,Ronnie Hillman,"$942,708  ",denver-broncos
2015,Zach Zenner,"$360,960  ",detroit-lions
2015,George Winn,"$330,000  ",detroit-lions
2015,C.J. Anderson,"$589,167  ",denver-broncos
2015,Juwan Thompson,"$511,166  ",denver-broncos
2015,James Starks,"$1,837,500  ",green-bay-packers
2015,Eddie Lacy,"$925,203  ",green-bay-packers
2015,Ty Montgomery,"$572,871  ",green-bay-packers
2015,John Crockett,"$127,941  ",green-bay-packers
2015,Arian Foster,"$8,706,250  ",houston-texans
2015,Chris Polk,"$747,500  ",houston-texans
2015,Johnathan Grimes,"$585,000  ",houston-texans
2015,Alfred Blue,"$539,483  ",houston-texans
2015,Akeem Hunt,"$179,117  ",houston-texans
2015,Frank Gore,"$4,500,000  ",indianapolis-colts
2015,Ahmad Bradshaw,"$378,529  ",indianapolis-colts
2015,Tyler Varga,"$354,411  ",indianapolis-colts
2015,Dan Herron,"$232,941  ",indianapolis-colts
2015,Trey Williams,"$51,176  ",indianapolis-colts
2015,Toby Gerhart,"$3,000,000  ",jacksonville-jaguars
2015,T.J. Yeldon,"$1,075,231  ",jacksonville-jaguars
2015,Bernard Pierce,"$660,000  ",jacksonville-jaguars
2015,Denard Robinson,"$638,403  ",jacksonville-jaguars
2015,Joe Banyard,"$378,529  ",jacksonville-jaguars
2015,Corey Grant,"$360,960  ",jacksonville-jaguars
2015,Jonas Gray,"$90,000  ",jacksonville-jaguars
2015,Jamaal Charles,"$7,970,835  ",kansas-city-chiefs
2015,Knile Davis,"$736,504  ",kansas-city-chiefs
2015,Charcandrick West,"$510,000  ",kansas-city-chiefs
2015,Spencer Ware,"$360,000  ",kansas-city-chiefs
2015,Adrian Peterson,"$15,400,000  ",minnesota-vikings
2015,Matt Asiata,"$800,000  ",minnesota-vikings
2015,Jerick McKinnon,"$648,750  ",minnesota-vikings
2015,Lamar Miller,"$1,663,500  ",miami-dolphins
2015,Damien Williams,"$511,666  ",miami-dolphins
2015,Jay Ajayi,"$435,144  ",miami-dolphins
2015,C.J. Spiller,"$2,000,000  ",new-orleans-saints
2015,Brandon Bolden,"$1,035,000  ",new-england-patriots
2015,Mark Ingram,"$2,000,000  ",new-orleans-saints
2015,Khiry Robinson,"$459,863  ",new-orleans-saints
2015,LeGarrette Blount,"$949,632  ",new-england-patriots
2015,Dion Lewis,"$785,000  ",new-england-patriots
2015,Marcus Murphy,"$431,674  ",new-orleans-saints
2015,Tim Hightower,"$309,705  ",new-orleans-saints
2015,James White,"$609,272  ",new-england-patriots
2015,Tyler Gaffney,"$318,000  ",new-england-patriots
2015,Kendall Hunter,"$116,470  ",new-orleans-saints
2015,Travaris Cadet,"$77,647  ",new-orleans-saints
2015,Rashad Jennings,"$2,812,500  ",new-york-giants
2015,Steven Jackson,"$68,823  ",new-england-patriots
2015,Shane Vereen,"$2,516,666  ",new-york-giants
2015,Andre Williams,"$623,400  ",new-york-giants
2015,Chris Ivory,"$2,750,000  ",new-york-jets
2015,Orleans Darkwa,"$510,000  ",new-york-giants
2015,Bilal Powell,"$2,000,000  ",new-york-jets
2015,Stevan Ridley,"$1,031,250  ",new-york-jets
2015,Zac Stacy,"$585,000  ",new-york-jets
2015,Roy Helu,"$2,100,000  ",oakland-raiders
2015,Taiwan Jones,"$1,150,000  ",oakland-raiders
2015,Latavius Murray,"$611,550  ",oakland-raiders
2015,Danny Woodhead,"$2,500,000  ",san-diego-chargers
2015,Donald Brown,"$2,294,118  ",san-diego-chargers
2015,Melvin Gordon,"$1,926,193  ",san-diego-chargers
2015,DeMarco Murray,"$5,000,000  ",philadelphia-eagles
2015,Branden Oliver,"$451,588  ",san-diego-chargers
2015,Dreamius Smith,"$51,176  ",san-diego-chargers
2015,Darren Sproles,"$4,100,000  ",philadelphia-eagles
2015,Ryan Mathews,"$2,000,000  ",philadelphia-eagles
2015,Kenjon Barner,"$510,000  ",philadelphia-eagles
2015,DeAngelo Williams,"$1,435,000  ",pittsburgh-steelers
2015,Le'Veon Bell,"$1,032,082  ",pittsburgh-steelers
2015,Jordan Todman,"$585,000  ",pittsburgh-steelers
2015,Fitz Toussaint,"$180,000  ",pittsburgh-steelers
2015,Reggie Bush,"$2,406,250  ",san-francisco-49ers
2015,Carlos Hyde,"$836,745  ",san-francisco-49ers
2015,Mike Davis,"$552,195  ",san-francisco-49ers
2015,Shaun Draughn,"$349,411  ",san-francisco-49ers
2015,DuJuan Harris,"$77,647  ",san-francisco-49ers
2015,Jarryd Hayne,"$51,176  ",san-francisco-49ers
2015,Marshawn Lynch,"$8,500,000  ",seattle-seahawks
2015,Fred Jackson,"$615,000  ",seattle-seahawks
2015,Thomas Rawls,"$419,352  ",seattle-seahawks
2015,Bryce Brown,"$116,470  ",seattle-seahawks
2015,Christine Michael,"$103,235  ",seattle-seahawks
2015,Doug Martin,"$2,159,668  ",tampa-bay-buccaneers
2015,Bobby Rainey,"$1,542,000  ",tampa-bay-buccaneers
2015,Charles Sims,"$726,023  ",tampa-bay-buccaneers
2015,Mike James,"$68,823  ",tampa-bay-buccaneers
2015,Dexter McCluster,"$3,350,000  ",tennessee-titans
2015,Bishop Sankey,"$873,522  ",tennessee-titans
2015,Antonio Andrews,"$510,000  ",tennessee-titans
2015,Alfred Morris,"$1,572,775  ",washington-redskins
2015,Todd Gurley,"$2,513,306  ",st.-louis-rams
2015,David Cobb,"$496,417  ",tennessee-titans
2015,Chris Thompson,"$585,000  ",washington-redskins
2015,Matt Jones,"$584,853  ",washington-redskins
2015,Tre Mason,"$689,410  ",st.-louis-rams
2015,Benny Cunningham,"$588,334  ",st.-louis-rams
2015,Silas Redd,"$512,666  ",washington-redskins
2015,Pierre Thomas,"$175,294  ",washington-redskins
2015,Chase Reynolds,"$585,000  ",st.-louis-rams
2015,Trey Watts,"$330,000  ",st.-louis-rams
2015,Malcolm Brown,"$25,588  ",st.-louis-rams
2016,Lorenzo Taliaferro,"$675,146  ",baltimore-ravens
2016,Javorius Allen,"$643,618  ",baltimore-ravens
2016,Terrance West,"$600,000  ",baltimore-ravens
2016,Tevin Coleman,"$753,811  ",atlanta-falcons
2016,Kenneth Dixon,"$545,848  ",baltimore-ravens
2016,Andre Ellington,"$1,696,966  ",arizona-cardinals
2016,Devonta Freeman,"$721,106  ",atlanta-falcons
2016,Terron Ward,"$300,823  ",atlanta-falcons
2016,LeSean McCoy,"$7,675,000  ",buffalo-bills
2016,Chris Johnson,"$1,500,000  ",arizona-cardinals
2016,Stepfan Taylor,"$725,125  ",arizona-cardinals
2016,Reggie Bush,"$1,500,000  ",buffalo-bills
2016,Mike Gillislee,"$600,000  ",buffalo-bills
2016,Ka'Deem Carey,"$710,845  ",chicago-bears
2016,David Johnson,"$708,843  ",arizona-cardinals
2016,Kerwynn Williams,"$423,529  ",arizona-cardinals
2016,Jonathan Stewart,"$9,550,000  ",carolina-panthers
2016,Jonathan Williams,"$510,228  ",buffalo-bills
2016,Jeremy Langford,"$660,906  ",chicago-bears
2016,Jordan Howard,"$512,005  ",chicago-bears
2016,Fozzy Whittaker,"$725,000  ",carolina-panthers
2016,Cameron Artis-Payne,"$566,563  ",carolina-panthers
2016,Paul Lasike,"$211,760  ",chicago-bears
2016,Devon Johnson,"$333,000  ",carolina-panthers
2016,Giovani Bernard,"$4,621,517  ",cincinnati-bengals
2016,Duke Johnson,"$732,523  ",cleveland-browns
2016,Cedric Peerman,"$1,210,000  ",cincinnati-bengals
2016,Jeremy Hill,"$1,023,710  ",cincinnati-bengals
2016,Isaiah Crowell,"$603,334  ",cleveland-browns
2016,Glenn Winston,"$600,000  ",cleveland-browns
2016,Rex Burkhead,"$700,550  ",cincinnati-bengals
2016,Tre Carson,"$26,470  ",cincinnati-bengals
2016,George Atkinson,"$525,000  ",cleveland-browns
2016,Rajion Neal,"$348,000  ",cleveland-browns
2016,Darius Jackson,"$79,410  ",cleveland-browns
2016,Terrell Watson,"$26,470  ",cleveland-browns
2016,Ezekiel Elliott,"$4,537,516  ",dallas-cowboys
2016,Darren McFadden,"$2,150,000  ",dallas-cowboys
2016,Alfred Morris,"$1,300,000  ",dallas-cowboys
2016,Lance Dunbar,"$987,500  ",dallas-cowboys
2016,C.J. Anderson,"$6,000,000  ",denver-broncos
2016,Devontae Booker,"$545,848  ",denver-broncos
2016,Kapri Bibbs,"$525,000  ",denver-broncos
2016,Juwan Thompson,"$352,941  ",denver-broncos
2016,Justin Forsett,"$208,235  ",denver-broncos
2016,Theo Riddick,"$1,785,250  ",detroit-lions
2016,Ameer Abdullah,"$944,574  ",detroit-lions
2016,Zach Zenner,"$526,666  ",detroit-lions
2016,Dwayne Washington,"$468,941  ",detroit-lions
2016,Joique Bell,"$178,823  ",detroit-lions
2016,Lamar Miller,"$5,500,000  ",houston-texans
2016,Johnathan Grimes,"$900,000  ",houston-texans
2016,Alfred Blue,"$629,483  ",houston-texans
2016,Tyler Ervin,"$586,892  ",houston-texans
2016,Akeem Hunt,"$247,056  ",houston-texans
2016,James Starks,"$2,250,000  ",green-bay-packers
2016,Eddie Lacy,"$1,079,404  ",green-bay-packers
2016,Ty Montgomery,"$693,386  ",green-bay-packers
2016,John Crockett,"$348,000  ",green-bay-packers
2016,Don Jackson,"$291,170  ",green-bay-packers
2016,Christine Michael,"$277,941  ",green-bay-packers
2016,Frank Gore,"$4,000,000  ",indianapolis-colts
2016,Jordan Todman,"$600,000  ",indianapolis-colts
2016,Robert Turbin,"$600,000  ",indianapolis-colts
2016,Josh Ferguson,"$453,333  ",indianapolis-colts
2016,Chris Ivory,"$3,468,750  ",jacksonville-jaguars
2016,T.J. Yeldon,"$1,344,040  ",jacksonville-jaguars
2016,Denard Robinson,"$728,403  ",jacksonville-jaguars
2016,Corey Grant,"$526,666  ",jacksonville-jaguars
2016,Bronson Hill,"$105,880  ",jacksonville-jaguars
2016,Jamaal Charles,"$5,312,500  ",kansas-city-chiefs
2016,Joe Banyard,"$39,706  ",jacksonville-jaguars
2016,Daryl Richardson,"$35,294  ",jacksonville-jaguars
2016,Spencer Ware,"$958,333  ",kansas-city-chiefs
2016,Charcandrick West,"$958,333  ",kansas-city-chiefs
2016,Knile Davis,"$357,352  ",kansas-city-chiefs
2016,Kenyan Drake,"$655,315  ",miami-dolphins
2016,Todd Gurley,"$3,141,632  ",los-angeles-rams
2016,Damien Williams,"$601,668  ",miami-dolphins
2016,Jay Ajayi,"$580,203  ",miami-dolphins
2016,Benny Cunningham,"$1,671,000  ",los-angeles-rams
2016,Chase Reynolds,"$862,500  ",los-angeles-rams
2016,Malcolm Brown,"$450,000  ",los-angeles-rams
2016,Zach Laskey,"$333,000  ",los-angeles-rams
2016,Tre Mason,"$159,375  ",los-angeles-rams
2016,Adrian Peterson,"$12,000,000  ",minnesota-vikings
2016,Brandon Bolden,"$1,272,500  ",new-england-patriots
2016,Matt Asiata,"$840,000  ",minnesota-vikings
2016,Jerick McKinnon,"$738,750  ",minnesota-vikings
2016,Dion Lewis,"$1,087,500  ",new-england-patriots
2016,LeGarrette Blount,"$1,025,000  ",new-england-patriots
2016,Mark Ingram,"$2,510,000  ",new-orleans-saints
2016,C.J. Ham,"$52,940  ",minnesota-vikings
2016,James White,"$699,272  ",new-england-patriots
2016,Tim Hightower,"$840,000  ",new-orleans-saints
2016,Travaris Cadet,"$600,000  ",new-orleans-saints
2016,Marcus Murphy,"$542,322  ",new-orleans-saints
2016,Daniel Lasco,"$468,869  ",new-orleans-saints
2016,Matt Forte,"$3,000,000  ",new-york-jets
2016,Bilal Powell,"$1,733,333  ",new-york-jets
2016,Romar Morris,"$333,000  ",new-york-jets
2016,Khiry Robinson,"$158,823  ",new-york-jets
2016,Brandon Wilds,"$105,880  ",new-york-jets
2016,Taiwan Jones,"$1,150,000  ",oakland-raiders
2016,Brandon Burks,"$26,470  ",new-york-jets
2016,Shane Vereen,"$4,916,666  ",new-york-giants
2016,Latavius Murray,"$701,550  ",oakland-raiders
2016,DeAndre Washington,"$517,298  ",oakland-raiders
2016,Rashad Jennings,"$2,812,500  ",new-york-giants
2016,Bobby Rainey,"$680,000  ",new-york-giants
2016,Jalen Richard,"$450,000  ",oakland-raiders
2016,Orleans Darkwa,"$600,000  ",new-york-giants
2016,Paul Perkins,"$513,137  ",new-york-giants
2016,Darren Sproles,"$5,100,000  ",philadelphia-eagles
2016,George Winn,"$70,588  ",new-york-giants
2016,Ryan Mathews,"$4,000,000  ",philadelphia-eagles
2016,Kenjon Barner,"$600,000  ",philadelphia-eagles
2016,Wendell Smallwood,"$511,144  ",philadelphia-eagles
2016,Byron Marshall,"$79,410  ",philadelphia-eagles
2016,DeAngelo Williams,"$2,565,000  ",pittsburgh-steelers
2016,Le'Veon Bell,"$1,197,347  ",pittsburgh-steelers
2016,Fitz Toussaint,"$600,000  ",pittsburgh-steelers
2016,Carlos Hyde,"$1,004,094  ",san-francisco-49ers
2016,Shaun Draughn,"$860,000  ",san-francisco-49ers
2016,Mike Davis,"$642,195  ",san-francisco-49ers
2016,DuJuan Harris,"$491,764  ",san-francisco-49ers
2016,Danny Woodhead,"$3,000,000  ",san-diego-chargers
2016,Raheem Mostert,"$30,882  ",san-francisco-49ers
2016,Melvin Gordon,"$2,424,948  ",san-diego-chargers
2016,Dexter McCluster,"$670,588  ",san-diego-chargers
2016,Branden Oliver,"$600,000  ",san-diego-chargers
2016,Kenneth Farrow,"$451,666  ",san-diego-chargers
2016,Ronnie Hillman,"$268,235  ",san-diego-chargers
2016,Andre Williams,"$35,294  ",san-diego-chargers
2016,Matt Jones,"$698,854  ",washington-redskins
2016,Chris Thompson,"$675,000  ",washington-redskins
2016,Rob Kelley,"$451,000  ",washington-redskins
2016,Keith Marshall,"$349,387  ",washington-redskins
2016,Mack Brown,"$264,700  ",washington-redskins
2016,DeMarco Murray,"$6,000,000  ",tennessee-titans
2016,C.J. Prosise,"$623,116  ",seattle-seahawks
2016,Derrick Henry,"$983,259  ",tennessee-titans
2016,Antonio Andrews,"$600,000  ",tennessee-titans
2016,Thomas Rawls,"$530,000  ",seattle-seahawks
2016,Alex Collins,"$496,096  ",seattle-seahawks
2016,Doug Martin,"$7,764,706  ",tampa-bay-buccaneers
2016,Brandon Cottom,"$333,000  ",seattle-seahawks
2016,Tre Madden,"$333,000  ",seattle-seahawks
2016,Charles Sims,"$836,023  ",tampa-bay-buccaneers
2016,Jacquizz Rodgers,"$715,294  ",tampa-bay-buccaneers
2016,Troymaine Pope,"$185,290  ",seattle-seahawks
2016,J.D. McKissic,"$52,940  ",seattle-seahawks
2016,Peyton Barber,"$450,000  ",tampa-bay-buccaneers
2016,Antone Smith,"$388,235  ",tampa-bay-buccaneers
2016,Russell Hansbrough,"$26,470  ",tampa-bay-buccaneers
2017,Terrance West,"$1,797,000  ",baltimore-ravens
2017,Devonta Freeman,"$4,418,106  ",atlanta-falcons
2017,Danny Woodhead,"$1,750,000  ",baltimore-ravens
2017,Javorius Allen,"$733,618  ",baltimore-ravens
2017,Tevin Coleman,"$866,311  ",atlanta-falcons
2017,Terron Ward,"$615,000  ",atlanta-falcons
2017,David Johnson,"$799,843  ",arizona-cardinals
2017,Alex Collins,"$508,235  ",baltimore-ravens
2017,Kenneth Dixon,"$445,260  ",baltimore-ravens
2017,Adrian Peterson,"$705,882  ",arizona-cardinals
2017,Kerwynn Williams,"$690,000  ",arizona-cardinals
2017,Elijhaa Penny,"$465,000  ",arizona-cardinals
2017,T.J. Logan,"$398,484  ",arizona-cardinals
2017,Jonathan Stewart,"$6,175,000  ",carolina-panthers
2017,LeSean McCoy,"$10,375,000  ",buffalo-bills
2017,Bronson Hill,"$63,529  ",arizona-cardinals
2017,Christian McCaffrey,"$3,134,782  ",carolina-panthers
2017,Fozzy Whittaker,"$1,350,000  ",carolina-panthers
2017,Taiwan Jones,"$503,471  ",buffalo-bills
2017,Travaris Cadet,"$410,294  ",buffalo-bills
2017,Cameron Artis-Payne,"$656,563  ",carolina-panthers
2017,Marcus Murphy,"$36,176  ",buffalo-bills
2017,Benny Cunningham,"$695,000  ",chicago-bears
2017,Tarik Cohen,"$623,914  ",chicago-bears
2017,Jordan Howard,"$602,005  ",chicago-bears
2017,Taquan Mizzell,"$465,000  ",chicago-bears
2017,Giovani Bernard,"$3,675,000  ",cincinnati-bengals
2017,Jeremy Hill,"$1,194,328  ",cincinnati-bengals
2017,Cedric Peerman,"$1,087,500  ",cincinnati-bengals
2017,Joe Mixon,"$990,940  ",cincinnati-bengals
2017,Tre Carson,"$348,000  ",cincinnati-bengals
2017,Brandon Wilson,"$218,823  ",cincinnati-bengals
2017,Brian Hill,"$191,471  ",cincinnati-bengals
2017,Jarveon Williams,"$82,059  ",cincinnati-bengals
2017,Isaiah Crowell,"$2,746,000  ",cleveland-browns
2017,Duke Johnson,"$830,023  ",cleveland-browns
2017,Matt Dayes,"$481,067  ",cleveland-browns
2017,Darius Jackson,"$363,000  ",cleveland-browns
2017,Ezekiel Elliott,"$5,671,895  ",dallas-cowboys
2017,Alfred Morris,"$2,137,500  ",dallas-cowboys
2017,Rod Smith,"$615,000  ",dallas-cowboys
2017,Trey Williams,"$95,294  ",dallas-cowboys
2017,C.J. Anderson,"$3,000,000  ",denver-broncos
2017,Jamaal Charles,"$1,484,375  ",denver-broncos
2017,Devontae Booker,"$635,848  ",denver-broncos
2017,De'Angelo Henderson,"$501,288  ",denver-broncos
2017,Zac Brooks,"$465,000  ",denver-broncos
2017,Lamar Miller,"$6,500,000  ",houston-texans
2017,Alfred Blue,"$719,483  ",houston-texans
2017,Jordan Todman,"$615,000  ",houston-texans
2017,D'Onta Foreman,"$613,574  ",houston-texans
2017,Tyler Ervin,"$541,528  ",houston-texans
2017,Andre Ellington,"$273,529  ",houston-texans
2017,Theo Riddick,"$2,400,000  ",detroit-lions
2017,Ameer Abdullah,"$1,133,489  ",detroit-lions
2017,Zach Zenner,"$616,668  ",detroit-lions
2017,Frank Gore,"$3,500,000  ",indianapolis-colts
2017,Dwayne Washington,"$558,941  ",detroit-lions
2017,Tion Green,"$466,666  ",detroit-lions
2017,Robert Turbin,"$1,381,250  ",indianapolis-colts
2017,Marlon Mack,"$569,912  ",indianapolis-colts
2017,Ty Montgomery,"$788,636  ",green-bay-packers
2017,Mike James,"$378,000  ",detroit-lions
2017,Christine Michael,"$378,000  ",indianapolis-colts
2017,George Winn,"$378,000  ",indianapolis-colts
2017,Jamaal Williams,"$606,498  ",green-bay-packers
2017,Aaron Jones,"$515,484  ",green-bay-packers
2017,Josh Ferguson,"$349,415  ",indianapolis-colts
2017,Matt Jones,"$144,705  ",indianapolis-colts
2017,Devante Mays,"$483,759  ",green-bay-packers
2017,Chris Ivory,"$6,000,000  ",jacksonville-jaguars
2017,Leonard Fournette,"$4,936,516  ",jacksonville-jaguars
2017,T.J. Yeldon,"$1,612,848  ",jacksonville-jaguars
2017,Melvin Gordon,"$2,909,938  ",los-angeles-chargers
2017,Todd Gurley,"$3,769,959  ",los-angeles-rams
2017,Spencer Ware,"$1,745,833  ",kansas-city-chiefs
2017,Corey Grant,"$616,668  ",jacksonville-jaguars
2017,Tyler Gaffney,"$378,000  ",jacksonville-jaguars
2017,Branden Oliver,"$800,000  ",los-angeles-chargers
2017,Andre Williams,"$527,644  ",los-angeles-chargers
2017,Lance Dunbar,"$1,476,556  ",los-angeles-rams
2017,Malcolm Brown,"$540,000  ",los-angeles-rams
2017,Charcandrick West,"$1,152,083  ",kansas-city-chiefs
2017,Kareem Hunt,"$658,988  ",kansas-city-chiefs
2017,I'Tavius Mathers,"$349,666  ",jacksonville-jaguars
2017,Austin Ekeler,"$466,666  ",los-angeles-chargers
2017,Kenneth Farrow,"$364,666  ",los-angeles-chargers
2017,Damien Williams,"$1,797,000  ",miami-dolphins
2017,Justin Davis,"$470,000  ",los-angeles-rams
2017,Lenard Tillery,"$348,833  ",los-angeles-rams
2017,Akeem Hunt,"$578,823  ",kansas-city-chiefs
2017,Russell Hansbrough,"$31,765  ",los-angeles-chargers
2017,Kenyan Drake,"$800,315  ",miami-dolphins
2017,Senorise Perry,"$540,000  ",miami-dolphins
2017,De'Veon Smith,"$136,765  ",miami-dolphins
2017,Mike Gillislee,"$3,968,750  ",new-england-patriots
2017,Rex Burkhead,"$3,150,000  ",new-england-patriots
2017,James White,"$1,789,272  ",new-england-patriots
2017,Dion Lewis,"$1,487,500  ",new-england-patriots
2017,Brandon Bolden,"$615,000  ",new-england-patriots
2017,Mark Ingram,"$5,345,000  ",new-orleans-saints
2017,Alvin Kamara,"$708,193  ",new-orleans-saints
2017,Trey Edmunds,"$465,000  ",new-orleans-saints
2017,Latavius Murray,"$2,956,250  ",minnesota-vikings
2017,Daniel Lasco,"$349,411  ",new-orleans-saints
2017,Jonathan Williams,"$247,353  ",new-orleans-saints
2017,Dalvin Cook,"$1,065,680  ",minnesota-vikings
2017,Jerick McKinnon,"$828,750  ",minnesota-vikings
2017,Shane Vereen,"$3,916,668  ",new-york-giants
2017,C.J. Ham,"$465,000  ",minnesota-vikings
2017,Bishop Sankey,"$418,000  ",minnesota-vikings
2017,Orleans Darkwa,"$1,037,500  ",new-york-giants
2017,Paul Perkins,"$603,137  ",new-york-giants
2017,Mack Brown,"$285,880  ",minnesota-vikings
2017,Wayne Gallman,"$569,912  ",new-york-giants
2017,Matt Forte,"$5,000,000  ",new-york-jets
2017,Bilal Powell,"$4,633,333  ",new-york-jets
2017,Elijah McGuire,"$507,126  ",new-york-jets
2017,Akeem Judd,"$82,059  ",new-york-jets
2017,Jahad Thomas,"$27,353  ",new-york-jets
2017,Marshawn Lynch,"$2,625,000  ",oakland-raiders
2017,DeAndre Washington,"$607,298  ",oakland-raiders
2017,Jalen Richard,"$540,000  ",oakland-raiders
2017,Darren Sproles,"$4,000,000  ",philadelphia-eagles
2017,LeGarrette Blount,"$1,250,000  ",philadelphia-eagles
2017,Wendell Smallwood,"$601,144  ",philadelphia-eagles
2017,Kenjon Barner,"$568,235  ",philadelphia-eagles
2017,Donnel Pumphrey,"$498,845  ",philadelphia-eagles
2017,Corey Clement,"$468,333  ",philadelphia-eagles
2017,Jay Ajayi,"$325,588  ",philadelphia-eagles
2017,Carlos Hyde,"$1,171,443  ",san-francisco-49ers
2017,Raheem Mostert,"$615,000  ",san-francisco-49ers
2017,Joe Williams,"$505,346  ",san-francisco-49ers
2017,Le'Veon Bell,"$12,120,000  ",pittsburgh-steelers
2017,Matt Breida,"$466,666  ",san-francisco-49ers
2017,Jeremy McNichols,"$136,765  ",san-francisco-49ers
2017,James Conner,"$627,807  ",pittsburgh-steelers
2017,Fitz Toussaint,"$243,529  ",pittsburgh-steelers
2017,Stevan Ridley,"$72,353  ",pittsburgh-steelers
2017,Doug Martin,"$5,764,705  ",tampa-bay-buccaneers
2017,Jacquizz Rodgers,"$1,700,000  ",tampa-bay-buccaneers
2017,Charles Sims,"$950,023  ",tampa-bay-buccaneers
2017,Peyton Barber,"$540,000  ",tampa-bay-buccaneers
2017,Eddie Lacy,"$3,562,500  ",seattle-seahawks
2017,C.J. Prosise,"$738,116  ",seattle-seahawks
2017,Thomas Rawls,"$620,000  ",seattle-seahawks
2017,Chris Thompson,"$2,506,800  ",washington-redskins
2017,J.D. McKissic,"$540,000  ",seattle-seahawks
2017,Tre Madden,"$409,937  ",seattle-seahawks
2017,Samaje Perine,"$629,945  ",washington-redskins
2017,Rob Kelley,"$468,120  ",washington-redskins
2017,Christopher Carson,"$391,811  ",seattle-seahawks
2017,Mike Davis,"$253,235  ",seattle-seahawks
2017,Keith Marshall,"$364,387  ",washington-redskins
2017,Byron Marshall,"$222,352  ",washington-redskins
2017,LeShun Daniels,"$164,118  ",washington-redskins
2017,Kapri Bibbs,"$108,528  ",washington-redskins
2017,DeMarco Murray,"$6,950,000  ",tennessee-titans
2017,Dare Ogunbowale,"$54,706  ",washington-redskins
2017,Manasseh Garner,"$27,353  ",washington-redskins
2017,Derrick Henry,"$1,229,074  ",tennessee-titans
2017,David Fluellen,"$540,000  ",tennessee-titans
2017,Khalfani Muhammad,"$27,353  ",tennessee-titans
